Hour, Load
1,-279.81
2,-181.44
3,-97.38
4,-35.68
5,-0.01
6,-0.01
7,-0.51
8,-25.62
9,-57.02
10,-86.85
11,-108.55
12,-117.75
13,-112.77
14,-94.56
15,-66.39
16,-33.05
17,-0.01
18,-0.01
19,-0.01
20,-0.01
21,-0.01
22,-0.01
23,-0.01
24,-8.71
25,-26.84
26,-37.10
27,-36.52
28,-23.89
29,-0.01
30,-0.01
31,-0.01
32,-0.01
33,-0.01
34,-0.01
35,-0.01
36,-0.01
37,-0.01
38,-0.01
39,-0.01
40,-0.01
41,-0.01
42,-26.81
43,-43.00
44,-47.48
45,-41.03
46,-26.19
47,-6.79
48,-0.01
49,-0.01
50,-0.01
51,-0.01
52,-0.01
53,-0.01
54,-25.54
55,-51.56
56,-73.35
57,-86.79
58,-89.12
59,-79.65
60,-60.07
61,-34.43
62,-8.68
63,-0.01
64,-0.01
65,-0.01
66,-38.26
67,-99.88
68,-181.05
69,-274.01
70,-367.49
71,-447.84
72,-500.45
73,-511.65
74,-470.55
75,-370.78
76,-211.86
77,-0.01
78,-0.01
79,-0.01
80,-0.01
81,-0.01
82,-0.01
83,-0.01
84,-0.01
85,-0.01
86,-0.01
87,-0.01
88,-0.01
89,-0.01
90,-443.07
91,-873.36
92,-1256.19
93,-1559.96
94,-1759.01
95,-1835.96
96,-1783.22
97,-1603.68
98,-1310.36
99,-925.25
100,-477.32
101,-0.01
102,-0.01
103,-0.01
104,-0.01
105,-0.01
106,-0.01
107,-0.01
108,-0.01
109,-0.01
110,-0.01
111,-0.01
112,-0.01
113,-0.01
114,-414.33
115,-794.25
116,-1116.17
117,-1360.56
118,-1512.82
119,-1564.04
120,-1511.27
121,-1357.75
122,-1112.69
123,-790.91
124,-412.12
125,-0.01
126,-0.01
127,-0.01
128,-0.01
129,-0.01
130,-0.01
131,-0.01
132,-0.01
133,-0.01
134,-0.01
135,-0.01
136,-0.01
137,-0.01
138,-464.18
139,-897.93
140,-1268.99
141,-1549.72
142,-1719.46
143,-1766.37
144,-1688.51
145,-1493.98
146,-1200.24
147,-832.47
148,-421.30
149,-0.01
150,-0.01
151,-0.01
152,-0.01
153,-0.01
154,-0.01
155,-0.01
156,-0.01
157,-0.01
158,-0.01
159,-0.01
160,-0.01
161,-0.01
162,-192.87
163,-335.91
164,-424.01
165,-458.20
166,-444.94
167,-394.71
168,-320.42
169,-235.59
170,-152.73
171,-81.95
172,-30.02
173,-0.01
174,-0.01
175,-0.43
176,-21.54
177,-47.93
178,-72.98
179,-91.19
180,-98.91
181,-94.70
182,-79.39
183,-55.72
184,-27.74
185,-0.01
186,-0.01
187,-0.01
188,-0.01
189,-0.01
190,-0.01
191,-0.01
192,-7.30
193,-22.48
194,-31.07
195,-30.57
196,-19.99
197,-0.01
198,-0.01
199,-0.01
200,-0.01
201,-0.01
202,-0.01
203,-0.01
204,-0.01
205,-0.01
206,-0.01
207,-0.01
208,-0.01
209,-0.01
210,-22.37
211,-35.87
212,-39.59
213,-34.21
214,-21.83
215,-5.66
216,-0.01
217,-0.01
218,-0.01
219,-0.01
220,-0.01
221,-0.01
222,-21.24
223,-42.88
224,-60.99
225,-72.14
226,-74.06
227,-66.18
228,-49.90
229,-28.59
230,-7.21
231,-0.01
232,-0.01
233,-0.01
234,-31.73
235,-82.82
236,-150.10
237,-227.10
238,-304.50
239,-370.98
240,-414.46
241,-423.63
242,-389.50
243,-306.84
244,-175.28
245,-0.01
246,-0.01
247,-0.01
248,-0.01
249,-0.01
250,-0.01
251,-0.01
252,-0.01
253,-0.01
254,-0.01
255,-0.01
256,-0.01
257,-0.01
258,-365.25
259,-719.78
260,-1035.02
261,-1284.96
262,-1448.55
263,-1511.51
264,-1467.70
265,-1319.58
266,-1077.94
267,-760.94
268,-392.45
269,-0.01
270,-0.01
271,-0.01
272,-0.01
273,-0.01
274,-0.01
275,-0.01
276,-0.01
277,-0.01
278,-0.01
279,-0.01
280,-0.01
281,-0.01
282,-339.37
283,-650.36
284,-913.71
285,-1113.45
286,-1237.72
287,-1279.26
288,-1235.76
289,-1109.91
290,-909.33
291,-646.17
292,-336.61
293,-0.01
294,-0.01
295,-0.01
296,-0.01
297,-0.01
298,-0.01
299,-0.01
300,-0.01
301,-0.01
302,-0.01
303,-0.01
304,-0.01
305,-0.01
306,-377.61
307,-730.24
308,-1031.70
309,-1259.56
310,-1397.10
311,-1434.79
312,-1371.14
313,-1212.81
314,-974.06
315,-675.40
316,-341.71
317,-0.01
318,-0.01
319,-0.01
320,-0.01
321,-0.01
322,-0.01
323,-0.01
324,-0.01
325,-0.01
326,-0.01
327,-0.01
328,-0.01
329,-0.01
330,-155.76
331,-271.20
332,-342.22
333,-369.70
334,-358.88
335,-318.27
336,-258.28
337,-189.85
338,-123.04
339,-66.00
340,-24.17
341,-0.01
342,-0.01
343,-0.35
344,-17.32
345,-38.52
346,-58.64
347,-73.25
348,-79.42
349,-76.02
350,-63.71
351,-44.70
352,-22.25
353,-0.01
354,-0.01
355,-0.01
356,-0.01
357,-0.01
358,-0.01
359,-0.01
360,-5.84
361,-17.97
362,-24.83
363,-24.43
364,-15.97
365,-0.01
366,-0.01
367,-0.01
368,-0.01
369,-0.01
370,-0.01
371,-0.01
372,-0.01
373,-0.01
374,-0.01
375,-0.01
376,-0.01
377,-0.01
378,-17.78
379,-28.50
380,-31.45
381,-27.16
382,-17.33
383,-4.49
384,-0.01
385,-0.01
386,-0.01
387,-0.01
388,-0.01
389,-0.01
390,-16.81
391,-33.92
392,-48.24
393,-57.03
394,-58.53
395,-52.28
396,-39.40
397,-22.57
398,-5.69
399,-0.01
400,-0.01
401,-0.01
402,-25.00
403,-65.23
404,-118.17
405,-178.72
406,-239.55
407,-291.73
408,-325.80
409,-332.88
410,-305.94
411,-240.92
412,-137.57
413,-0.01
414,-0.01
415,-0.01
416,-0.01
417,-0.01
418,-0.01
419,-0.01
420,-0.01
421,-0.01
422,-0.01
423,-0.01
424,-0.01
425,-0.01
426,-285.08
427,-561.56
428,-807.17
429,-1001.68
430,-1128.73
431,-1177.31
432,-1142.72
433,-1026.96
434,-838.56
435,-591.71
436,-305.05
437,-0.01
438,-0.01
439,-0.01
440,-0.01
441,-0.01
442,-0.01
443,-0.01
444,-0.01
445,-0.01
446,-0.01
447,-0.01
448,-0.01
449,-0.01
450,-262.21
451,-502.28
452,-705.35
453,-859.16
454,-954.63
455,-986.23
456,-952.27
457,-854.91
458,-700.10
459,-497.27
460,-258.93
461,-0.01
462,-0.01
463,-0.01
464,-0.01
465,-0.01
466,-0.01
467,-0.01
468,-0.01
469,-0.01
470,-0.01
471,-0.01
472,-0.01
473,-0.01
474,-288.59
475,-557.83
476,-787.75
477,-961.27
478,-1065.73
479,-1093.96
480,-1044.92
481,-923.82
482,-741.60
483,-513.96
484,-259.91
485,-0.01
486,-0.01
487,-0.01
488,-0.01
489,-0.01
490,-0.01
491,-0.01
492,-0.01
493,-0.01
494,-0.01
495,-0.01
496,-0.01
497,-0.01
498,-117.65
499,-204.74
500,-258.22
501,-278.81
502,-270.52
503,-239.78
504,-194.48
505,-142.88
506,-92.55
507,-49.62
508,-18.17
509,-0.01
510,-0.01
511,-0.26
512,-12.99
513,-28.87
514,-43.93
515,-54.84
516,-59.42
517,-56.85
518,-47.62
519,-33.39
520,-16.61
521,-0.01
522,-0.01
523,-0.01
524,-0.01
525,-0.01
526,-0.01
527,-0.01
528,-4.34
529,-13.35
530,-18.44
531,-18.13
532,-11.84
533,-0.01
534,-0.01
535,-0.01
536,-0.01
537,-0.01
538,-0.01
539,-0.01
540,-0.01
541,-0.01
542,-0.01
543,-0.01
544,-0.01
545,-0.01
546,-13.08
547,-20.95
548,-23.10
549,-19.94
550,-12.72
551,-3.30
552,-0.01
553,-0.01
554,-0.01
555,-0.01
556,-0.01
557,-0.01
558,-12.28
559,-24.75
560,-35.17
561,-41.56
562,-42.62
563,-38.04
564,-28.66
565,-16.41
566,-4.13
567,-0.01
568,-0.01
569,-0.01
570,-18.11
571,-47.22
572,-85.48
573,-129.20
574,-173.05
575,-210.60
576,-235.03
577,-239.98
578,-220.41
579,-173.44
580,-98.98
581,-0.01
582,-0.01
583,-0.01
584,-0.01
585,-0.01
586,-0.01
587,-0.01
588,-0.01
589,-0.01
590,-0.01
591,-0.01
592,-0.01
593,-0.01
594,-203.07
595,-399.71
596,-574.11
597,-711.93
598,-801.64
599,-835.52
600,-810.36
601,-727.73
602,-593.77
603,-418.67
604,-215.67
605,-0.01
606,-0.01
607,-0.01
608,-0.01
609,-0.01
610,-0.01
611,-0.01
612,-0.01
613,-0.01
614,-0.01
615,-0.01
616,-0.01
617,-0.01
618,-183.36
619,-350.95
620,-492.44
621,-599.34
622,-665.38
623,-686.84
624,-662.64
625,-594.40
626,-486.36
627,-345.16
628,-179.58
629,-0.01
630,-0.01
631,-0.01
632,-0.01
633,-0.01
634,-0.01
635,-0.01
636,-0.01
637,-0.01
638,-0.01
639,-0.01
640,-0.01
641,-0.01
642,-197.72
643,-381.83
644,-538.71
645,-656.78
646,-727.49
647,-746.07
648,-711.97
649,-628.87
650,-504.36
651,-349.22
652,-176.43
653,-0.01
654,-0.01
655,-0.01
656,-0.01
657,-0.01
658,-0.01
659,-0.01
660,-0.01
661,-0.01
662,-0.01
663,-0.01
664,-0.01
665,-0.01
666,-78.78
667,-136.96
668,-172.56
669,-186.13
670,-180.40
671,-159.74
672,-129.43
673,-94.99
674,-61.47
675,-32.92
676,-12.04
677,-0.01
678,-0.01
679,-0.18
680,-8.57
681,-19.03
682,-28.93
683,-36.07
684,-39.04
685,-37.31
686,-31.22
687,-21.87
688,-10.87
689,-0.01
690,-0.01
691,-0.01
692,-0.01
693,-0.01
694,-0.01
695,-0.01
696,-2.82
697,-8.65
698,-11.92
699,-11.71
700,-7.64
701,-0.01
702,-0.01
703,-0.01
704,-0.01
705,-0.01
706,-0.01
707,-0.01
708,-0.01
709,-0.01
710,-0.01
711,-0.01
712,-0.01
713,-0.01
714,-8.29
715,-13.26
716,-14.61
717,-12.59
718,-8.02
719,-2.08
720,-0.01
721,-0.01
722,-0.01
723,-0.01
724,-0.01
725,-0.01
726,-7.66
727,-15.42
728,-21.87
729,-25.81
730,-26.43
731,-23.56
732,-17.72
733,-10.13
734,-2.55
735,-0.01
736,-0.01
737,-0.01
738,-11.11
739,-28.90
740,-52.24
741,-78.83
742,-105.43
743,-128.11
744,-142.75
745,-145.53
746,-133.45
747,-104.85
748,-59.74
749,-0.01
750,-0.01
751,-0.01
752,-0.01
753,-0.01
754,-0.01
755,-0.01
756,-0.01
757,-0.01
758,-0.01
759,-0.01
760,-0.01
761,-0.01
762,-119.74
763,-235.29
764,-337.35
765,-417.60
766,-469.38
767,-488.34
768,-472.78
769,-423.80
770,-345.16
771,-242.92
772,-124.91
773,-0.01
774,-0.01
775,-0.01
776,-0.01
777,-0.01
778,-0.01
779,-0.01
780,-0.01
781,-0.01
782,-0.01
783,-0.01
784,-0.01
785,-0.01
786,-103.33
787,-197.36
788,-276.36
789,-335.64
790,-371.85
791,-383.03
792,-368.74
793,-330.06
794,-269.48
795,-190.83
796,-99.07
797,-0.01
798,-0.01
799,-0.01
800,-0.01
801,-0.01
802,-0.01
803,-0.01
804,-0.01
805,-0.01
806,-0.01
807,-0.01
808,-0.01
809,-0.01
810,-105.57
811,-203.36
812,-286.21
813,-348.06
814,-384.55
815,-393.37
816,-374.42
817,-329.86
818,-263.86
819,-182.22
820,-91.82
821,-0.01
822,-0.01
823,-0.01
824,-0.01
825,-0.01
826,-0.01
827,-0.01
828,-0.01
829,-0.01
830,-0.01
831,-0.01
832,-0.01
833,-0.01
834,-39.40
835,-68.29
836,-85.78
837,-92.24
838,-89.13
839,-78.67
840,-63.54
841,-46.49
842,-29.99
843,-16.01
844,-5.84
845,-0.01
846,-0.01
847,-0.09
848,-4.10
849,-9.07
850,-13.74
851,-17.07
852,-18.41
853,-17.53
854,-14.62
855,-10.20
856,-5.05
857,-0.01
858,-0.01
859,-0.01
860,-0.01
861,-0.01
862,-0.01
863,-0.01
864,-1.27
865,-3.88
866,-5.33
867,-5.22
868,-3.39
869,-0.01
870,-0.01
871,-0.01
872,-0.01
873,-0.01
874,-0.01
875,-0.01
876,-0.01
877,-0.01
878,-0.01
879,-0.01
880,-0.01
881,-0.01
882,-3.45
883,-5.49
884,-6.02
885,-5.16
886,-3.27
887,-0.85
888,-0.01
889,-0.01
890,-0.01
891,-0.01
892,-0.01
893,-0.01
894,-2.99
895,-5.98
896,-8.44
897,-9.90
898,-10.08
899,-8.93
900,-6.68
901,-3.80
902,-0.96
903,-0.01
904,-0.01
905,-0.01
906,-4.03
907,-10.40
908,-18.66
909,-27.96
910,-37.13
911,-44.80
912,-49.55
913,-50.14
914,-45.64
915,-35.59
916,-20.12
917,-0.01
918,-0.01
919,-0.01
920,-0.01
921,-0.01
922,-0.01
923,-0.01
924,-0.01
925,-0.01
926,-0.01
927,-0.01
928,-0.01
929,-0.01
930,-35.65
931,-69.35
932,-98.42
933,-120.57
934,-134.09
935,-138.01
936,-132.15
937,-117.14
938,-94.32
939,-65.61
940,-33.34
941,-0.01
942,-0.01
943,-0.01
944,-0.01
945,-0.01
946,-0.01
947,-0.01
948,-0.01
949,-0.01
950,-0.01
951,-0.01
952,-0.01
953,-0.01
954,-22.63
955,-42.50
956,-58.49
957,-69.78
958,-75.91
959,-76.74
960,-72.46
961,-63.58
962,-50.86
963,-35.26
964,-17.92
965,-0.01
966,-0.01
967,-0.01
968,-0.01
969,-0.01
970,-0.01
971,-0.01
972,-0.01
973,-0.01
974,-0.01
975,-0.01
976,-0.01
977,-0.01
978,-12.74
979,-23.59
980,-31.85
981,-37.09
982,-39.13
983,-38.13
984,-34.46
985,-28.73
986,-21.66
987,-14.04
988,-6.61
989,-0.01
990,-0.01
991,-0.01
992,-0.01
993,-0.01
994,-0.01
995,-0.01
996,-0.01
997,-0.01
998,-0.01
999,-0.01
1000,-0.01
1001,0.01
1002,0.25
1003,0.83
1004,1.57
1005,2.26
1006,2.75
1007,2.93
1008,2.78
1009,2.34
1010,1.71
1011,1.02
1012,0.42
1013,0.01
1014,0.01
1015,0.02
1016,0.41
1017,0.96
1018,1.56
1019,2.06
1020,2.36
1021,2.38
1022,2.10
1023,1.55
1024,0.81
1025,0.01
1026,0.01
1027,0.01
1028,0.01
1029,0.01
1030,0.01
1031,0.01
1032,0.30
1033,0.92
1034,1.31
1035,1.33
1036,0.90
1037,0.01
1038,0.01
1039,0.01
1040,0.01
1041,0.01
1042,0.01
1043,0.01
1044,0.01
1045,0.01
1046,0.01
1047,0.01
1048,0.01
1049,0.01
1050,1.43
1051,2.33
1052,2.63
1053,2.32
1054,1.51
1055,0.41
1056,0.01
1057,0.01
1058,0.01
1059,0.01
1060,0.01
1061,0.01
1062,1.71
1063,3.51
1064,5.07
1065,6.10
1066,6.36
1067,5.78
1068,4.43
1069,2.59
1070,0.67
1071,0.01
1072,0.01
1073,0.01
1074,3.10
1075,8.19
1076,15.05
1077,23.11
1078,31.42
1079,38.83
1080,43.99
1081,45.59
1082,42.49
1083,33.93
1084,19.65
1085,0.01
1086,0.01
1087,0.01
1088,0.01
1089,0.01
1090,0.01
1091,0.01
1092,0.01
1093,0.01
1094,0.01
1095,0.01
1096,0.01
1097,0.01
1098,48.69
1099,97.06
1100,141.17
1101,177.26
1102,202.09
1103,213.23
1104,209.35
1105,190.30
1106,157.15
1107,112.14
1108,58.46
1109,0.01
1110,0.01
1111,0.01
1112,0.01
1113,0.01
1114,0.01
1115,0.01
1116,0.01
1117,0.01
1118,0.01
1119,0.01
1120,0.01
1121,0.01
1122,58.23
1123,112.65
1124,159.77
1125,196.54
1126,220.53
1127,230.07
1128,224.31
1129,203.32
1130,168.11
1131,120.55
1132,63.37
1133,0.01
1134,0.01
1135,0.01
1136,0.01
1137,0.01
1138,0.01
1139,0.01
1140,0.01
1141,0.01
1142,0.01
1143,0.01
1144,0.01
1145,0.01
1146,80.19
1147,156.36
1148,222.73
1149,274.14
1150,306.56
1151,317.38
1152,305.74
1153,272.61
1154,220.69
1155,154.24
1156,78.66
1157,0.01
1158,0.01
1159,0.01
1160,0.01
1161,0.01
1162,0.01
1163,0.01
1164,0.01
1165,0.01
1166,0.01
1167,0.01
1168,0.01
1169,0.01
1170,39.88
1171,69.93
1172,88.89
1173,96.73
1174,94.58
1175,84.48
1176,69.05
1177,51.12
1178,33.37
1179,18.03
1180,6.66
1181,0.01
1182,0.01
1183,0.10
1184,4.90
1185,10.98
1186,16.82
1187,21.16
1188,23.09
1189,22.26
1190,18.78
1191,13.27
1192,6.65
1193,0.01
1194,0.01
1195,0.01
1196,0.01
1197,0.01
1198,0.01
1199,0.01
1200,1.85
1201,5.70
1202,7.93
1203,7.85
1204,5.17
1205,0.01
1206,0.01
1207,0.01
1208,0.01
1209,0.01
1210,0.01
1211,0.01
1212,0.01
1213,0.01
1214,0.01
1215,0.01
1216,0.01
1217,0.01
1218,6.28
1219,10.13
1220,11.24
1221,9.77
1222,6.27
1223,1.64
1224,0.01
1225,0.01
1226,0.01
1227,0.01
1228,0.01
1229,0.01
1230,6.39
1231,12.95
1232,18.53
1233,22.03
1234,22.74
1235,20.44
1236,15.49
1237,8.93
1238,2.27
1239,0.01
1240,0.01
1241,0.01
1242,10.18
1243,26.71
1244,48.65
1245,74.01
1246,99.76
1247,122.18
1248,137.22
1249,141.00
1250,130.33
1251,103.21
1252,59.27
1253,0.01
1254,0.01
1255,0.01
1256,0.01
1257,0.01
1258,0.01
1259,0.01
1260,0.01
1261,0.01
1262,0.01
1263,0.01
1264,0.01
1265,0.01
1266,132.70
1267,262.82
1268,379.83
1269,473.93
1270,536.94
1271,563.08
1272,549.48
1273,496.49
1274,407.59
1275,289.15
1276,149.87
1277,0.01
1278,0.01
1279,0.01
1280,0.01
1281,0.01
1282,0.01
1283,0.01
1284,0.01
1285,0.01
1286,0.01
1287,0.01
1288,0.01
1289,0.01
1290,138.70
1291,267.06
1292,376.99
1293,461.59
1294,515.54
1295,535.37
1296,519.61
1297,468.90
1298,385.97
1299,275.56
1300,144.22
1301,0.01
1302,0.01
1303,0.01
1304,0.01
1305,0.01
1306,0.01
1307,0.01
1308,0.01
1309,0.01
1310,0.01
1311,0.01
1312,0.01
1313,0.01
1314,172.59
1315,335.28
1316,475.85
1317,583.58
1318,650.25
1319,670.82
1320,643.96
1321,572.17
1322,461.61
1323,321.51
1324,163.40
1325,0.01
1326,0.01
1327,0.01
1328,0.01
1329,0.01
1330,0.01
1331,0.01
1332,0.01
1333,0.01
1334,0.01
1335,0.01
1336,0.01
1337,0.01
1338,79.25
1339,138.58
1340,175.64
1341,190.57
1342,185.80
1343,165.50
1344,134.89
1345,99.58
1346,64.82
1347,34.92
1348,12.85
1349,0.01
1350,0.01
1351,0.19
1352,9.37
1353,20.92
1354,31.98
1355,40.12
1356,43.68
1357,41.99
1358,35.34
1359,24.90
1360,12.45
1361,0.01
1362,0.01
1363,0.01
1364,0.01
1365,0.01
1366,0.01
1367,0.01
1368,3.38
1369,10.45
1370,14.49
1371,14.32
1372,9.40
1373,0.01
1374,0.01
1375,0.01
1376,0.01
1377,0.01
1378,0.01
1379,0.01
1380,0.01
1381,0.01
1382,0.01
1383,0.01
1384,0.01
1385,0.01
1386,11.09
1387,17.85
1388,19.78
1389,17.15
1390,10.99
1391,2.86
1392,0.01
1393,0.01
1394,0.01
1395,0.01
1396,0.01
1397,0.01
1398,11.02
1399,22.32
1400,31.86
1401,37.83
1402,38.98
1403,34.96
1404,26.46
1405,15.22
1406,3.85
1407,0.01
1408,0.01
1409,0.01
1410,17.20
1411,45.05
1412,81.94
1413,124.43
1414,167.45
1415,204.75
1416,229.58
1417,235.51
1418,217.32
1419,171.82
1420,98.51
1421,0.01
1422,0.01
1423,0.01
1424,0.01
1425,0.01
1426,0.01
1427,0.01
1428,0.01
1429,0.01
1430,0.01
1431,0.01
1432,0.01
1433,0.01
1434,215.86
1435,426.89
1436,616.04
1437,767.53
1438,868.32
1439,909.29
1440,886.07
1441,799.48
1442,655.39
1443,464.29
1444,240.31
1445,0.01
1446,0.01
1447,0.01
1448,0.01
1449,0.01
1450,0.01
1451,0.01
1452,0.01
1453,0.01
1454,0.01
1455,0.01
1456,0.01
1457,0.01
1458,218.27
1459,419.75
1460,591.77
1461,723.65
1462,807.22
1463,837.21
1464,811.56
1465,731.45
1466,601.34
1467,428.80
1468,224.15
1469,0.01
1470,0.01
1471,0.01
1472,0.01
1473,0.01
1474,0.01
1475,0.01
1476,0.01
1477,0.01
1478,0.01
1479,0.01
1480,0.01
1481,0.01
1482,263.87
1483,512.04
1484,725.90
1485,889.26
1486,989.75
1487,1019.93
1488,978.02
1489,868.04
1490,699.55
1491,486.71
1492,247.08
1493,0.01
1494,0.01
1495,0.01
1496,0.01
1497,0.01
1498,0.01
1499,0.01
1500,0.01
1501,0.01
1502,0.01
1503,0.01
1504,0.01
1505,0.01
1506,118.11
1507,206.34
1508,261.25
1509,283.19
1510,275.83
1511,245.44
1512,199.85
1513,147.40
1514,95.85
1515,51.59
1516,18.96
1517,0.01
1518,0.01
1519,0.28
1520,13.77
1521,30.73
1522,46.93
1523,58.82
1524,63.99
1525,61.45
1526,51.67
1527,36.38
1528,18.17
1529,0.01
1530,0.01
1531,0.01
1532,0.01
1533,0.01
1534,0.01
1535,0.01
1536,4.90
1537,15.12
1538,20.97
1539,20.69
1540,13.57
1541,0.01
1542,0.01
1543,0.01
1544,0.01
1545,0.01
1546,0.01
1547,0.01
1548,0.01
1549,0.01
1550,0.01
1551,0.01
1552,0.01
1553,0.01
1554,15.83
1555,25.46
1556,28.19
1557,24.43
1558,15.64
1559,4.07
1560,0.01
1561,0.01
1562,0.01
1563,0.01
1564,0.01
1565,0.01
1566,15.58
1567,31.54
1568,44.99
1569,53.38
1570,54.96
1571,49.25
1572,37.25
1573,21.41
1574,5.41
1575,0.01
1576,0.01
1577,0.01
1578,24.11
1579,63.10
1580,114.70
1581,174.05
1582,234.06
1583,285.99
1584,320.45
1585,328.50
1586,302.92
1587,239.33
1588,137.12
1589,0.01
1590,0.01
1591,0.01
1592,0.01
1593,0.01
1594,0.01
1595,0.01
1596,0.01
1597,0.01
1598,0.01
1599,0.01
1600,0.01
1601,0.01
1602,297.62
1603,588.21
1604,848.28
1605,1056.19
1606,1194.11
1607,1249.64
1608,1216.95
1609,1097.31
1610,898.97
1611,636.44
1612,329.20
1613,0.01
1614,0.01
1615,0.01
1616,0.01
1617,0.01
1618,0.01
1619,0.01
1620,0.01
1621,0.01
1622,0.01
1623,0.01
1624,0.01
1625,0.01
1626,296.43
1627,569.73
1628,802.74
1629,981.05
1630,1093.69
1631,1133.66
1632,1098.27
1633,989.28
1634,812.84
1635,579.27
1636,302.63
1637,0.01
1638,0.01
1639,0.01
1640,0.01
1641,0.01
1642,0.01
1643,0.01
1644,0.01
1645,0.01
1646,0.01
1647,0.01
1648,0.01
1649,0.01
1650,353.45
1651,685.49
1652,971.27
1653,1189.20
1654,1322.86
1655,1362.46
1656,1305.77
1657,1158.32
1658,932.97
1659,648.76
1660,329.18
1661,0.01
1662,0.01
1663,0.01
1664,0.01
1665,0.01
1666,0.01
1667,0.01
1668,0.01
1669,0.01
1670,0.01
1671,0.01
1672,0.01
1673,0.01
1674,156.21
1675,272.76
1676,345.18
1677,373.97
1678,364.08
1679,323.80
1680,263.53
1681,194.26
1682,126.26
1683,67.92
1684,24.95
1685,0.01
1686,0.01
1687,0.36
1688,18.08
1689,40.34
1690,61.58
1691,77.14
1692,83.88
1693,80.51
1694,67.67
1695,47.62
1696,23.77
1697,0.01
1698,0.01
1699,0.01
1700,0.01
1701,0.01
1702,0.01
1703,0.01
1704,6.38
1705,19.70
1706,27.30
1707,26.93
1708,17.66
1709,0.01
1710,0.01
1711,0.01
1712,0.01
1713,0.01
1714,0.01
1715,0.01
1716,0.01
1717,0.01
1718,0.01
1719,0.01
1720,0.01
1721,0.01
1722,20.47
1723,32.91
1724,36.42
1725,31.55
1726,20.18
1727,5.25
1728,0.01
1729,0.01
1730,0.01
1731,0.01
1732,0.01
1733,0.01
1734,20.04
1735,40.56
1736,57.84
1737,68.59
1738,70.59
1739,63.23
1740,47.80
1741,27.46
1742,6.94
1743,0.01
1744,0.01
1745,0.01
1746,30.86
1747,80.75
1748,146.72
1749,222.55
1750,299.16
1751,365.39
1752,409.25
1753,419.37
1754,386.56
1755,305.29
1756,174.84
1757,0.01
1758,0.01
1759,0.01
1760,0.01
1761,0.01
1762,0.01
1763,0.01
1764,0.01
1765,0.01
1766,0.01
1767,0.01
1768,0.01
1769,0.01
1770,377.46
1771,745.73
1772,1075.04
1773,1338.04
1774,1512.20
1775,1581.93
1776,1539.97
1777,1388.06
1778,1136.75
1779,804.49
1780,415.97
1781,0.01
1782,0.01
1783,0.01
1784,0.01
1785,0.01
1786,0.01
1787,0.01
1788,0.01
1789,0.01
1790,0.01
1791,0.01
1792,0.01
1793,0.01
1794,372.69
1795,716.03
1796,1008.52
1797,1232.11
1798,1373.10
1799,1422.80
1800,1377.90
1801,1240.73
1802,1019.09
1803,726.01
1804,379.16
1805,0.01
1806,0.01
1807,0.01
1808,0.01
1809,0.01
1810,0.01
1811,0.01
1812,0.01
1813,0.01
1814,0.01
1815,0.01
1816,0.01
1817,0.01
1818,440.75
1819,854.53
1820,1210.38
1821,1481.47
1822,1647.44
1823,1696.21
1824,1625.10
1825,1441.12
1826,1160.38
1827,806.64
1828,409.15
1829,0.01
1830,0.01
1831,0.01
1832,0.01
1833,0.01
1834,0.01
1835,0.01
1836,0.01
1837,0.01
1838,0.01
1839,0.01
1840,0.01
1841,0.01
1842,193.30
1843,337.43
1844,426.88
1845,462.35
1846,449.98
1847,400.08
1848,325.51
1849,239.87
1850,155.86
1851,83.82
1852,30.78
1853,0.01
1854,0.01
1855,0.44
1856,22.28
1857,49.69
1858,75.83
1859,94.97
1860,103.23
1861,99.06
1862,83.23
1863,58.55
1864,29.21
1865,0.01
1866,0.01
1867,0.01
1868,0.01
1869,0.01
1870,0.01
1871,0.01
1872,7.83
1873,24.16
1874,33.46
1875,33.00
1876,21.63
1877,0.01
1878,0.01
1879,0.01
1880,0.01
1881,0.01
1882,0.01
1883,0.01
1884,0.01
1885,0.01
1886,0.01
1887,0.01
1888,0.01
1889,0.01
1890,24.98
1891,40.15
1892,44.42
1893,38.46
1894,24.60
1895,6.39
1896,0.01
1897,0.01
1898,0.01
1899,0.01
1900,0.01
1901,0.01
1902,24.38
1903,49.31
1904,70.31
1905,83.35
1906,85.76
1907,76.80
1908,58.04
1909,33.33
1910,8.42
1911,0.01
1912,0.01
1913,0.01
1914,37.42
1915,97.88
1916,177.79
1917,269.61
1918,362.33
1919,442.44
1920,495.42
1921,507.53
1922,467.70
1923,369.28
1924,211.43
1925,0.01
1926,0.01
1927,0.01
1928,0.01
1929,0.01
1930,0.01
1931,0.01
1932,0.01
1933,0.01
1934,0.01
1935,0.01
1936,0.01
1937,0.01
1938,454.87
1939,898.44
1940,1294.87
1941,1611.25
1942,1820.53
1943,1904.01
1944,1853.06
1945,1669.86
1946,1367.20
1947,967.35
1948,500.05
1949,0.01
1950,0.01
1951,0.01
1952,0.01
1953,0.01
1954,0.01
1955,0.01
1956,0.01
1957,0.01
1958,0.01
1959,0.01
1960,0.01
1961,0.01
1962,446.54
1963,857.72
1964,1207.81
1965,1475.24
1966,1643.67
1967,1702.75
1968,1648.65
1969,1484.18
1970,1218.77
1971,868.06
1972,453.24
1973,0.01
1974,0.01
1975,0.01
1976,0.01
1977,0.01
1978,0.01
1979,0.01
1980,0.01
1981,0.01
1982,0.01
1983,0.01
1984,0.01
1985,0.01
1986,525.21
1987,1018.05
1988,1441.68
1989,1764.19
1990,1961.40
1991,2019.01
1992,1933.94
1993,1714.62
1994,1380.30
1995,959.31
1996,486.48
1997,0.01
1998,0.01
1999,0.01
2000,0.01
2001,0.01
2002,0.01
2003,0.01
2004,0.01
2005,0.01
2006,0.01
2007,0.01
2008,0.01
2009,0.01
2010,229.15
2011,399.92
2012,505.83
2013,547.74
2014,532.97
2015,473.77
2016,385.38
2017,283.94
2018,184.45
2019,99.17
2020,36.41
2021,0.01
2022,0.01
2023,0.52
2024,26.33
2025,58.71
2026,89.59
2027,112.18
2028,121.92
2029,116.97
2030,98.26
2031,69.11
2032,34.47
2033,0.01
2034,0.01
2035,0.01
2036,0.01
2037,0.01
2038,0.01
2039,0.01
2040,9.22
2041,28.45
2042,39.41
2043,38.86
2044,25.46
2045,0.01
2046,0.01
2047,0.01
2048,0.01
2049,0.01
2050,0.01
2051,0.01
2052,0.01
2053,0.01
2054,0.01
2055,0.01
2056,0.01
2057,0.01
2058,29.32
2059,47.12
2060,52.13
2061,45.13
2062,28.86
2063,7.50
2064,0.01
2065,0.01
2066,0.01
2067,0.01
2068,0.01
2069,0.01
2070,28.55
2071,57.75
2072,82.32
2073,97.58
2074,100.38
2075,89.88
2076,67.91
2077,38.99
2078,9.85
2079,0.01
2080,0.01
2081,0.01
2082,43.73
2083,114.37
2084,207.72
2085,314.94
2086,423.17
2087,516.63
2088,578.39
2089,592.42
2090,545.83
2091,430.89
2092,246.66
2093,0.01
2094,0.01
2095,0.01
2096,0.01
2097,0.01
2098,0.01
2099,0.01
2100,0.01
2101,0.01
2102,0.01
2103,0.01
2104,0.01
2105,0.01
2106,529.35
2107,1045.35
2108,1506.35
2109,1874.08
2110,2117.12
2111,2213.82
2112,2154.20
2113,1940.89
2114,1588.83
2115,1123.96
2116,580.91
2117,0.01
2118,0.01
2119,0.01
2120,0.01
2121,0.01
2122,0.01
2123,0.01
2124,0.01
2125,0.01
2126,0.01
2127,0.01
2128,0.01
2129,0.01
2130,517.51
2131,993.87
2132,1399.30
2133,1708.84
2134,1903.63
2135,1971.73
2136,1908.76
2137,1718.05
2138,1410.58
2139,1004.52
2140,524.40
2141,0.01
2142,0.01
2143,0.01
2144,0.01
2145,0.01
2146,0.01
2147,0.01
2148,0.01
2149,0.01
2150,0.01
2151,0.01
2152,0.01
2153,0.01
2154,606.28
2155,1175.01
2156,1663.68
2157,2035.53
2158,2262.70
2159,2328.80
2160,2230.32
2161,1977.07
2162,1591.32
2163,1105.79
2164,560.67
2165,0.01
2166,0.01
2167,0.01
2168,0.01
2169,0.01
2170,0.01
2171,0.01
2172,0.01
2173,0.01
2174,0.01
2175,0.01
2176,0.01
2177,0.01
2178,263.51
2179,459.83
2180,581.52
2181,629.60
2182,612.53
2183,544.41
2184,442.77
2185,326.17
2186,211.86
2187,113.89
2188,41.80
2189,0.01
2190,0.01
2191,0.60
2192,30.21
2193,67.37
2194,102.78
2195,128.67
2196,139.82
2197,134.12
2198,112.65
2199,79.22
2200,39.51
2201,0.01
2202,0.01
2203,0.01
2204,0.01
2205,0.01
2206,0.01
2207,0.01
2208,10.55
2209,32.57
2210,45.10
2211,44.46
2212,29.13
2213,0.01
2214,0.01
2215,0.01
2216,0.01
2217,0.01
2218,0.01
2219,0.01
2220,0.01
2221,0.01
2222,0.01
2223,0.01
2224,0.01
2225,0.01
2226,33.48
2227,53.80
2228,59.50
2229,51.50
2230,32.93
2231,8.55
2232,0.01
2233,0.01
2234,0.01
2235,0.01
2236,0.01
2237,0.01
2238,32.54
2239,65.82
2240,93.80
2241,111.17
2242,114.35
2243,102.37
2244,77.34
2245,44.40
2246,11.21
2247,0.01
2248,0.01
2249,0.01
2250,49.76
2251,130.13
2252,236.30
2253,358.23
2254,481.27
2255,587.48
2256,657.62
2257,673.49
2258,620.44
2259,489.72
2260,280.30
2261,0.01
2262,0.01
2263,0.01
2264,0.01
2265,0.01
2266,0.01
2267,0.01
2268,0.01
2269,0.01
2270,0.01
2271,0.01
2272,0.01
2273,0.01
2274,600.41
2275,1185.52
2276,1708.12
2277,2124.81
2278,2400.06
2279,2509.35
2280,2441.45
2281,2199.40
2282,1800.22
2283,1273.33
2284,658.02
2285,0.01
2286,0.01
2287,0.01
2288,0.01
2289,0.01
2290,0.01
2291,0.01
2292,0.01
2293,0.01
2294,0.01
2295,0.01
2296,0.01
2297,0.01
2298,585.14
2299,1123.61
2300,1581.77
2301,1931.43
2302,2151.31
2303,2227.99
2304,2156.56
2305,1940.85
2306,1593.30
2307,1134.49
2308,592.18
2309,0.01
2310,0.01
2311,0.01
2312,0.01
2313,0.01
2314,0.01
2315,0.01
2316,0.01
2317,0.01
2318,0.01
2319,0.01
2320,0.01
2321,0.01
2322,683.44
2323,1324.38
2324,1874.95
2325,2293.73
2326,2549.42
2327,2623.56
2328,2512.30
2329,2226.77
2330,1792.08
2331,1245.14
2332,631.25
2333,0.01
2334,0.01
2335,0.01
2336,0.01
2337,0.01
2338,0.01
2339,0.01
2340,0.01
2341,0.01
2342,0.01
2343,0.01
2344,0.01
2345,0.01
2346,296.18
2347,516.77
2348,653.45
2349,707.40
2350,688.14
2351,611.53
2352,497.31
2353,366.30
2354,237.89
2355,127.87
2356,46.93
2357,0.01
2358,0.01
2359,0.67
2360,33.90
2361,75.58
2362,115.30
2363,144.33
2364,156.81
2365,150.41
2366,126.32
2367,88.82
2368,44.29
2369,0.01
2370,0.01
2371,0.01
2372,0.01
2373,0.01
2374,0.01
2375,0.01
2376,11.82
2377,36.47
2378,50.50
2379,49.78
2380,32.61
2381,0.01
2382,0.01
2383,0.01
2384,0.01
2385,0.01
2386,0.01
2387,0.01
2388,0.01
2389,0.01
2390,0.01
2391,0.01
2392,0.01
2393,0.01
2394,37.42
2395,60.12
2396,66.49
2397,57.54
2398,36.79
2399,9.55
2400,0.01
2401,0.01
2402,0.01
2403,0.01
2404,0.01
2405,0.01
2406,36.32
2407,73.46
2408,104.68
2409,124.05
2410,127.59
2411,114.21
2412,86.27
2413,49.52
2414,12.50
2415,0.01
2416,0.01
2417,0.01
2418,55.47
2419,145.05
2420,263.36
2421,399.22
2422,536.27
2423,654.55
2424,732.62
2425,750.22
2426,691.05
2427,545.39
2428,312.13
2429,0.01
2430,0.01
2431,0.01
2432,0.01
2433,0.01
2434,0.01
2435,0.01
2436,0.01
2437,0.01
2438,0.01
2439,0.01
2440,0.01
2441,0.01
2442,667.59
2443,1318.05
2444,1898.86
2445,2361.84
2446,2667.51
2447,2788.69
2448,2712.95
2449,2443.73
2450,1999.99
2451,1414.49
2452,730.89
2453,0.01
2454,0.01
2455,0.01
2456,0.01
2457,0.01
2458,0.01
2459,0.01
2460,0.01
2461,0.01
2462,0.01
2463,0.01
2464,0.01
2465,0.01
2466,649.00
2467,1246.11
2468,1754.03
2469,2141.56
2470,2385.11
2471,2469.88
2472,2390.45
2473,2151.12
2474,1765.75
2475,1257.15
2476,656.14
2477,0.01
2478,0.01
2479,0.01
2480,0.01
2481,0.01
2482,0.01
2483,0.01
2484,0.01
2485,0.01
2486,0.01
2487,0.01
2488,0.01
2489,0.01
2490,756.19
2491,1465.22
2492,2074.13
2493,2537.15
2494,2819.68
2495,2901.40
2496,2778.09
2497,2462.10
2498,1981.28
2499,1376.46
2500,697.76
2501,0.01
2502,0.01
2503,0.01
2504,0.01
2505,0.01
2506,0.01
2507,0.01
2508,0.01
2509,0.01
2510,0.01
2511,0.01
2512,0.01
2513,0.01
2514,326.94
2515,570.38
2516,721.17
2517,780.64
2518,759.31
2519,674.72
2520,548.64
2521,404.07
2522,262.39
2523,141.02
2524,51.75
2525,0.01
2526,0.01
2527,0.74
2528,37.37
2529,83.31
2530,127.08
2531,159.06
2532,172.80
2533,165.72
2534,139.17
2535,97.85
2536,48.79
2537,0.01
2538,0.01
2539,0.01
2540,0.01
2541,0.01
2542,0.01
2543,0.01
2544,13.01
2545,40.14
2546,55.57
2547,54.78
2548,35.88
2549,0.01
2550,0.01
2551,0.01
2552,0.01
2553,0.01
2554,0.01
2555,0.01
2556,0.01
2557,0.01
2558,0.01
2559,0.01
2560,0.01
2561,0.01
2562,41.12
2563,66.06
2564,73.05
2565,63.22
2566,40.41
2567,10.49
2568,0.01
2569,0.01
2570,0.01
2571,0.01
2572,0.01
2573,0.01
2574,39.87
2575,80.62
2576,114.89
2577,136.13
2578,140.00
2579,125.31
2580,94.65
2581,54.33
2582,13.71
2583,0.01
2584,0.01
2585,0.01
2586,60.82
2587,159.03
2588,288.73
2589,437.62
2590,587.81
2591,717.40
2592,802.89
2593,822.11
2594,757.20
2595,597.55
2596,341.95
2597,0.01
2598,0.01
2599,0.01
2600,0.01
2601,0.01
2602,0.01
2603,0.01
2604,0.01
2605,0.01
2606,0.01
2607,0.01
2608,0.01
2609,0.01
2610,730.47
2611,1442.08
2612,2077.36
2613,2583.64
2614,2917.76
2615,3050.04
2616,2966.95
2617,2672.29
2618,2186.86
2619,1546.52
2620,799.04
2621,0.01
2622,0.01
2623,0.01
2624,0.01
2625,0.01
2626,0.01
2627,0.01
2628,0.01
2629,0.01
2630,0.01
2631,0.01
2632,0.01
2633,0.01
2634,708.67
2635,1360.57
2636,1914.98
2637,2337.87
2638,2603.53
2639,2695.83
2640,2608.92
2641,2347.52
2642,1926.80
2643,1371.70
2644,715.86
2645,0.01
2646,0.01
2647,0.01
2648,0.01
2649,0.01
2650,0.01
2651,0.01
2652,0.01
2653,0.01
2654,0.01
2655,0.01
2656,0.01
2657,0.01
2658,824.07
2659,1596.60
2660,2259.93
2661,2764.20
2662,3071.77
2663,3160.53
2664,3025.95
2665,2681.55
2666,2157.70
2667,1498.90
2668,759.76
2669,0.01
2670,0.01
2671,0.01
2672,0.01
2673,0.01
2674,0.01
2675,0.01
2676,0.01
2677,0.01
2678,0.01
2679,0.01
2680,0.01
2681,0.01
2682,355.59
2683,620.31
2684,784.24
2685,848.84
2686,825.58
2687,733.55
2688,596.42
2689,439.23
2690,285.20
2691,153.27
2692,56.24
2693,0.01
2694,0.01
2695,0.80
2696,40.60
2697,90.50
2698,138.04
2699,172.76
2700,187.67
2701,179.97
2702,151.12
2703,106.24
2704,52.97
2705,0.01
2706,0.01
2707,0.01
2708,0.01
2709,0.01
2710,0.01
2711,0.01
2712,14.11
2713,43.55
2714,60.29
2715,59.42
2716,38.92
2717,0.01
2718,0.01
2719,0.01
2720,0.01
2721,0.01
2722,0.01
2723,0.01
2724,0.01
2725,0.01
2726,0.01
2727,0.01
2728,0.01
2729,0.01
2730,44.55
2731,71.57
2732,79.14
2733,68.48
2734,43.77
2735,11.36
2736,0.01
2737,0.01
2738,0.01
2739,0.01
2740,0.01
2741,0.01
2742,43.16
2743,87.27
2744,124.35
2745,147.34
2746,151.51
2747,135.60
2748,102.41
2749,58.78
2750,14.83
2751,0.01
2752,0.01
2753,0.01
2754,65.78
2755,171.99
2756,312.23
2757,473.21
2758,635.56
2759,775.62
2760,867.99
2761,888.69
2762,818.47
2763,645.85
2764,369.57
2765,0.01
2766,0.01
2767,0.01
2768,0.01
2769,0.01
2770,0.01
2771,0.01
2772,0.01
2773,0.01
2774,0.01
2775,0.01
2776,0.01
2777,0.01
2778,788.65
2779,1556.80
2780,2242.46
2781,2788.77
2782,3149.19
2783,3291.72
2784,3201.81
2785,2883.62
2786,2359.63
2787,1668.57
2788,862.04
2789,0.01
2790,0.01
2791,0.01
2792,0.01
2793,0.01
2794,0.01
2795,0.01
2796,0.01
2797,0.01
2798,0.01
2799,0.01
2800,0.01
2801,0.01
2802,763.77
2803,1466.25
2804,2063.59
2805,2519.11
2806,2805.16
2807,2904.40
2808,2810.56
2809,2528.78
2810,2075.43
2811,1477.40
2812,770.97
2813,0.01
2814,0.01
2815,0.01
2816,0.01
2817,0.01
2818,0.01
2819,0.01
2820,0.01
2821,0.01
2822,0.01
2823,0.01
2824,0.01
2825,0.01
2826,886.63
2827,1717.69
2828,2431.15
2829,2973.42
2830,3304.03
2831,3399.27
2832,3254.30
2833,2883.71
2834,2320.20
2835,1611.68
2836,816.87
2837,0.01
2838,0.01
2839,0.01
2840,0.01
2841,0.01
2842,0.01
2843,0.01
2844,0.01
2845,0.01
2846,0.01
2847,0.01
2848,0.01
2849,0.01
2850,381.94
2851,666.24
2852,842.25
2853,911.57
2854,886.53
2855,787.65
2856,640.37
2857,471.56
2858,306.17
2859,164.53
2860,60.36
2861,0.01
2862,0.01
2863,0.86
2864,43.56
2865,97.11
2866,148.10
2867,185.35
2868,201.33
2869,193.06
2870,162.10
2871,113.95
2872,56.81
2873,0.01
2874,0.01
2875,0.01
2876,0.01
2877,0.01
2878,0.01
2879,0.01
2880,15.13
2881,46.67
2882,64.61
2883,63.68
2884,41.71
2885,0.01
2886,0.01
2887,0.01
2888,0.01
2889,0.01
2890,0.01
2891,0.01
2892,0.01
2893,0.01
2894,0.01
2895,0.01
2896,0.01
2897,0.01
2898,47.70
2899,76.62
2900,84.71
2901,73.30
2902,46.85
2903,12.16
2904,0.01
2905,0.01
2906,0.01
2907,0.01
2908,0.01
2909,0.01
2910,46.17
2911,93.36
2912,133.01
2913,157.59
2914,162.04
2915,145.01
2916,109.51
2917,62.85
2918,15.86
2919,0.01
2920,0.01
2921,0.01
2922,70.32
2923,183.84
2924,333.71
2925,505.74
2926,679.22
2927,828.84
2928,927.48
2929,949.54
2930,874.46
2931,689.98
2932,394.79
2933,0.01
2934,0.01
2935,0.01
2936,0.01
2937,0.01
2938,0.01
2939,0.01
2940,0.01
2941,0.01
2942,0.01
2943,0.01
2944,0.01
2945,0.01
2946,841.73
2947,1661.48
2948,2393.10
2949,2975.92
2950,3360.31
2951,3512.17
2952,3416.02
2953,3076.35
2954,2517.18
2955,1779.87
2956,919.48
2957,0.01
2958,0.01
2959,0.01
2960,0.01
2961,0.01
2962,0.01
2963,0.01
2964,0.01
2965,0.01
2966,0.01
2967,0.01
2968,0.01
2969,0.01
2970,813.94
2971,1562.48
2972,2198.88
2973,2684.09
2974,2988.70
2975,3094.24
2976,2994.08
2977,2693.73
2978,2210.67
2979,1573.58
2980,821.11
2981,0.01
2982,0.01
2983,0.01
2984,0.01
2985,0.01
2986,0.01
2987,0.01
2988,0.01
2989,0.01
2990,0.01
2991,0.01
2992,0.01
2993,0.01
2994,943.47
2995,1827.70
2996,2586.69
2997,3163.46
2998,3514.99
2999,3616.09
3000,3461.66
3001,3067.27
3002,2467.74
3003,1714.05
3004,868.70
3005,0.01
3006,0.01
3007,0.01
3008,0.01
3009,0.01
3010,0.01
3011,0.01
3012,0.01
3013,0.01
3014,0.01
3015,0.01
3016,0.01
3017,0.01
3018,405.83
3019,707.88
3020,894.83
3021,968.42
3022,941.76
3023,836.66
3024,680.18
3025,500.84
3026,325.17
3027,174.72
3028,64.10
3029,0.01
3030,0.01
3031,0.91
3032,46.25
3033,103.09
3034,157.22
3035,196.74
3036,213.70
3037,204.90
3038,172.03
3039,120.93
3040,60.28
3041,0.01
3042,0.01
3043,0.01
3044,0.01
3045,0.01
3046,0.01
3047,0.01
3048,16.04
3049,49.50
3050,68.53
3051,67.53
3052,44.23
3053,0.01
3054,0.01
3055,0.01
3056,0.01
3057,0.01
3058,0.01
3059,0.01
3060,0.01
3061,0.01
3062,0.01
3063,0.01
3064,0.01
3065,0.01
3066,50.53
3067,81.18
3068,89.75
3069,77.65
3070,49.63
3071,12.88
3072,0.01
3073,0.01
3074,0.01
3075,0.01
3076,0.01
3077,0.01
3078,48.89
3079,98.84
3080,140.82
3081,166.82
3082,171.52
3083,153.49
3084,115.91
3085,66.52
3086,16.78
3087,0.01
3088,0.01
3089,0.01
3090,74.40
3091,194.50
3092,353.05
3093,535.01
3094,718.49
3095,876.71
3096,980.99
3097,1004.27
3098,924.81
3099,729.67
3100,417.48
3101,0.01
3102,0.01
3103,0.01
3104,0.01
3105,0.01
3106,0.01
3107,0.01
3108,0.01
3109,0.01
3110,0.01
3111,0.01
3112,0.01
3113,0.01
3114,889.38
3115,1755.45
3116,2528.30
3117,3143.87
3118,3549.75
3119,3709.97
3120,3608.20
3121,3249.24
3122,2658.49
3123,1879.68
3124,970.99
3125,0.01
3126,0.01
3127,0.01
3128,0.01
3129,0.01
3130,0.01
3131,0.01
3132,0.01
3133,0.01
3134,0.01
3135,0.01
3136,0.01
3137,0.01
3138,858.87
3139,1648.63
3140,2319.98
3141,2831.77
3142,3152.96
3143,3264.12
3144,3158.28
3145,2841.31
3146,2331.65
3147,1659.60
3148,865.95
3149,0.01
3150,0.01
3151,0.01
3152,0.01
3153,0.01
3154,0.01
3155,0.01
3156,0.01
3157,0.01
3158,0.01
3159,0.01
3160,0.01
3161,0.01
3162,994.22
3163,1925.92
3164,2725.55
3165,3333.10
3166,3703.28
3167,3809.58
3168,3646.69
3169,3231.04
3170,2599.36
3171,1805.38
3172,914.94
3173,0.01
3174,0.01
3175,0.01
3176,0.01
3177,0.01
3178,0.01
3179,0.01
3180,0.01
3181,0.01
3182,0.01
3183,0.01
3184,0.01
3185,0.01
3186,427.11
3187,744.94
3188,941.64
3189,1019.02
3190,990.91
3191,880.29
3192,715.60
3193,526.90
3194,342.07
3195,183.79
3196,67.43
3197,0.01
3198,0.01
3199,0.96
3200,48.64
3201,108.40
3202,165.32
3203,206.87
3204,224.68
3205,215.42
3206,180.86
3207,127.12
3208,63.37
3209,0.01
3210,0.01
3211,0.01
3212,0.01
3213,0.01
3214,0.01
3215,0.01
3216,16.86
3217,52.01
3218,71.99
3219,70.95
3220,46.46
3221,0.01
3222,0.01
3223,0.01
3224,0.01
3225,0.01
3226,0.01
3227,0.01
3228,0.01
3229,0.01
3230,0.01
3231,0.01
3232,0.01
3233,0.01
3234,53.05
3235,85.21
3236,94.20
3237,81.50
3238,52.08
3239,13.51
3240,0.01
3241,0.01
3242,0.01
3243,0.01
3244,0.01
3245,0.01
3246,51.29
3247,103.68
3248,147.71
3249,174.98
3250,179.90
3251,160.98
3252,121.56
3253,69.76
3254,17.60
3255,0.01
3256,0.01
3257,0.01
3258,78.00
3259,203.90
3260,370.11
3261,560.83
3262,753.12
3263,918.92
3264,1028.18
3265,1052.52
3266,969.19
3267,764.65
3268,437.47
3269,0.01
3270,0.01
3271,0.01
3272,0.01
3273,0.01
3274,0.01
3275,0.01
3276,0.01
3277,0.01
3278,0.01
3279,0.01
3280,0.01
3281,0.01
3282,931.30
3283,1838.09
3284,2647.19
3285,3291.54
3286,3716.30
3287,3883.84
3288,3777.11
3289,3401.17
3290,2782.65
3291,1967.37
3292,1016.24
3293,0.01
3294,0.01
3295,0.01
3296,0.01
3297,0.01
3298,0.01
3299,0.01
3300,0.01
3301,0.01
3302,0.01
3303,0.01
3304,0.01
3305,0.01
3306,898.25
3307,1724.14
3308,2426.13
3309,2961.18
3310,3296.88
3311,3412.94
3312,3302.12
3313,2970.56
3314,2437.59
3315,1734.92
3316,905.20
3317,0.01
3318,0.01
3319,0.01
3320,0.01
3321,0.01
3322,0.01
3323,0.01
3324,0.01
3325,0.01
3326,0.01
3327,0.01
3328,0.01
3329,0.01
3330,1038.56
3331,2011.72
3332,2846.83
3333,3481.24
3334,3867.68
3335,3978.50
3336,3808.20
3337,3373.97
3338,2714.21
3339,1885.06
3340,955.27
3341,0.01
3342,0.01
3343,0.01
3344,0.01
3345,0.01
3346,0.01
3347,0.01
3348,0.01
3349,0.01
3350,0.01
3351,0.01
3352,0.01
3353,0.01
3354,445.63
3355,777.21
3356,982.38
3357,1063.05
3358,1033.68
3359,918.23
3360,746.41
3361,549.56
3362,356.76
3363,191.68
3364,70.31
3365,0.01
3366,0.01
3367,1.00
3368,50.71
3369,113.02
3370,172.35
3371,215.66
3372,234.22
3373,224.55
3374,188.52
3375,132.50
3376,66.04
3377,0.01
3378,0.01
3379,0.01
3380,0.01
3381,0.01
3382,0.01
3383,0.01
3384,17.56
3385,54.18
3386,75.00
3387,73.90
3388,48.40
3389,0.01
3390,0.01
3391,0.01
3392,0.01
3393,0.01
3394,0.01
3395,0.01
3396,0.01
3397,0.01
3398,0.01
3399,0.01
3400,0.01
3401,0.01
3402,55.22
3403,88.69
3404,98.04
3405,84.83
3406,54.20
3407,14.06
3408,0.01
3409,0.01
3410,0.01
3411,0.01
3412,0.01
3413,0.01
3414,53.35
3415,107.86
3416,153.65
3417,182.02
3418,187.12
3419,167.44
3420,126.43
3421,72.55
3422,18.30
3423,0.01
3424,0.01
3425,0.01
3426,81.10
3427,212.00
3428,384.78
3429,583.04
3430,782.90
3431,955.21
3432,1068.73
3433,1093.99
3434,1007.32
3435,794.69
3436,454.64
3437,0.01
3438,0.01
3439,0.01
3440,0.01
3441,0.01
3442,0.01
3443,0.01
3444,0.01
3445,0.01
3446,0.01
3447,0.01
3448,0.01
3449,0.01
3450,967.21
3451,1908.88
3452,2749.01
3453,3417.98
3454,3858.88
3455,4032.66
3456,3921.66
3457,3531.16
3458,2888.87
3459,2042.38
3460,1054.93
3461,0.01
3462,0.01
3463,0.01
3464,0.01
3465,0.01
3466,0.01
3467,0.01
3468,0.01
3469,0.01
3470,0.01
3471,0.01
3472,0.01
3473,0.01
3474,931.84
3475,1788.54
3476,2516.63
3477,3071.49
3478,3419.54
3479,3539.76
3480,3424.65
3481,3080.65
3482,2527.81
3483,1799.05
3484,938.62
3485,0.01
3486,0.01
3487,0.01
3488,0.01
3489,0.01
3490,0.01
3491,0.01
3492,0.01
3493,0.01
3494,0.01
3495,0.01
3496,0.01
3497,0.01
3498,1076.21
3499,2084.54
3500,2949.75
3501,3606.92
3502,4007.13
3503,4121.77
3504,3945.15
3505,3495.15
3506,2811.56
3507,1952.58
3508,989.44
3509,0.01
3510,0.01
3511,0.01
3512,0.01
3513,0.01
3514,0.01
3515,0.01
3516,0.01
3517,0.01
3518,0.01
3519,0.01
3520,0.01
3521,0.01
3522,461.27
3523,804.46
3524,1016.77
3525,1100.22
3526,1069.77
3527,950.25
3528,772.41
3529,568.67
3530,369.15
3531,198.33
3532,72.75
3533,0.01
3534,0.01
3535,1.03
3536,52.46
3537,116.91
3538,178.27
3539,223.05
3540,242.24
3541,232.24
3542,194.96
3543,137.02
3544,68.29
3545,0.01
3546,0.01
3547,0.01
3548,0.01
3549,0.01
3550,0.01
3551,0.01
3552,18.15
3553,56.01
3554,77.52
3555,76.38
3556,50.02
3557,0.01
3558,0.01
3559,0.01
3560,0.01
3561,0.01
3562,0.01
3563,0.01
3564,0.01
3565,0.01
3566,0.01
3567,0.01
3568,0.01
3569,0.01
3570,57.03
3571,91.60
3572,101.26
3573,87.60
3574,55.97
3575,14.52
3576,0.01
3577,0.01
3578,0.01
3579,0.01
3580,0.01
3581,0.01
3582,55.08
3583,111.34
3584,158.61
3585,187.87
3586,193.14
3587,172.81
3588,130.48
3589,74.87
3590,18.89
3591,0.01
3592,0.01
3593,0.01
3594,83.68
3595,218.72
3596,396.97
3597,601.48
3598,807.63
3599,985.34
3600,1102.40
3601,1128.39
3602,1038.96
3603,819.61
3604,468.87
3605,0.01
3606,0.01
3607,0.01
3608,0.01
3609,0.01
3610,0.01
3611,0.01
3612,0.01
3613,0.01
3614,0.01
3615,0.01
3616,0.01
3617,0.01
3618,996.89
3619,1967.36
3620,2833.10
3621,3522.38
3622,3976.57
3623,4155.47
3624,4040.91
3625,3638.38
3626,2976.46
3627,2104.20
3628,1086.82
3629,0.01
3630,0.01
3631,0.01
3632,0.01
3633,0.01
3634,0.01
3635,0.01
3636,0.01
3637,0.01
3638,0.01
3639,0.01
3640,0.01
3641,0.01
3642,959.43
3643,1841.40
3644,2590.89
3645,3161.99
3646,3520.15
3647,3643.74
3648,3525.10
3649,3170.87
3650,2601.73
3651,1851.57
3652,965.98
3653,0.01
3654,0.01
3655,0.01
3656,0.01
3657,0.01
3658,0.01
3659,0.01
3660,0.01
3661,0.01
3662,0.01
3663,0.01
3664,0.01
3665,0.01
3666,1106.91
3667,2143.92
3668,3033.64
3669,3709.35
3670,4120.74
3671,4238.44
3672,4056.65
3673,3593.78
3674,2890.78
3675,2007.50
3676,1017.23
3677,0.01
3678,0.01
3679,0.01
3680,0.01
3681,0.01
3682,0.01
3683,0.01
3684,0.01
3685,0.01
3686,0.01
3687,0.01
3688,0.01
3689,0.01
3690,473.94
3691,826.52
3692,1044.61
3693,1130.30
3694,1098.97
3695,976.15
3696,793.42
3697,584.12
3698,379.16
3699,203.70
3700,74.72
3701,0.01
3702,0.01
3703,1.06
3704,53.86
3705,120.04
3706,183.04
3707,229.02
3708,248.70
3709,238.42
3710,200.14
3711,140.66
3712,70.10
3713,0.01
3714,0.01
3715,0.01
3716,0.01
3717,0.01
3718,0.01
3719,0.01
3720,18.63
3721,57.47
3722,79.54
3723,78.37
3724,51.32
3725,0.01
3726,0.01
3727,0.01
3728,0.01
3729,0.01
3730,0.01
3731,0.01
3732,0.01
3733,0.01
3734,0.01
3735,0.01
3736,0.01
3737,0.01
3738,58.48
3739,93.92
3740,103.82
3741,89.81
3742,57.39
3743,14.89
3744,0.01
3745,0.01
3746,0.01
3747,0.01
3748,0.01
3749,0.01
3750,56.45
3751,114.10
3752,162.53
3753,192.52
3754,197.90
3755,177.07
3756,133.69
3757,76.71
3758,19.35
3759,0.01
3760,0.01
3761,0.01
3762,85.72
3763,224.04
3764,406.59
3765,616.04
3766,827.15
3767,1009.12
3768,1128.95
3769,1155.52
3770,1063.89
3771,839.25
3772,480.08
3773,0.01
3774,0.01
3775,0.01
3776,0.01
3777,0.01
3778,0.01
3779,0.01
3780,0.01
3781,0.01
3782,0.01
3783,0.01
3784,0.01
3785,0.01
3786,1020.13
3787,2013.15
3788,2898.92
3789,3604.06
3790,4068.61
3791,4251.47
3792,4134.09
3793,3722.13
3794,3044.84
3795,2152.46
3796,1111.70
3797,0.01
3798,0.01
3799,0.01
3800,0.01
3801,0.01
3802,0.01
3803,0.01
3804,0.01
3805,0.01
3806,0.01
3807,0.01
3808,0.01
3809,0.01
3810,980.82
3811,1882.38
3812,2648.44
3813,3232.10
3814,3598.04
3815,3724.22
3816,3602.81
3817,3240.63
3818,2658.86
3819,1892.16
3820,987.11
3821,0.01
3822,0.01
3823,0.01
3824,0.01
3825,0.01
3826,0.01
3827,0.01
3828,0.01
3829,0.01
3830,0.01
3831,0.01
3832,0.01
3833,0.01
3834,1130.48
3835,2189.47
3836,3097.96
3837,3787.84
3838,4207.77
3839,4327.78
3840,4141.99
3841,3669.22
3842,2951.35
3843,2049.48
3844,1038.46
3845,0.01
3846,0.01
3847,0.01
3848,0.01
3849,0.01
3850,0.01
3851,0.01
3852,0.01
3853,0.01
3854,0.01
3855,0.01
3856,0.01
3857,0.01
3858,483.56
3859,843.25
3860,1065.72
3861,1153.09
3862,1121.08
3863,995.75
3864,809.32
3865,595.79
3866,386.73
3867,207.75
3868,76.20
3869,0.01
3870,0.01
3871,1.08
3872,54.93
3873,122.40
3874,186.63
3875,233.50
3876,253.56
3877,243.07
3878,204.03
3879,143.39
3880,71.46
3881,0.01
3882,0.01
3883,0.01
3884,0.01
3885,0.01
3886,0.01
3887,0.01
3888,18.98
3889,58.56
3890,81.05
3891,79.85
3892,52.29
3893,0.01
3894,0.01
3895,0.01
3896,0.01
3897,0.01
3898,0.01
3899,0.01
3900,0.01
3901,0.01
3902,0.01
3903,0.01
3904,0.01
3905,0.01
3906,59.55
3907,95.64
3908,105.71
3909,91.44
3910,58.43
3911,15.16
3912,0.01
3913,0.01
3914,0.01
3915,0.01
3916,0.01
3917,0.01
3918,57.45
3919,116.13
3920,165.42
3921,195.92
3922,201.40
3923,180.18
3924,136.04
3925,78.05
3926,19.69
3927,0.01
3928,0.01
3929,0.01
3930,87.20
3931,227.91
3932,413.60
3933,626.63
3934,841.34
3935,1026.38
3936,1148.22
3937,1175.20
3938,1081.96
3939,853.47
3940,488.20
3941,0.01
3942,0.01
3943,0.01
3944,0.01
3945,0.01
3946,0.01
3947,0.01
3948,0.01
3949,0.01
3950,0.01
3951,0.01
3952,0.01
3953,0.01
3954,1036.79
3955,2045.95
3956,2946.03
3957,3662.49
3958,4134.41
3959,4320.06
3960,4200.62
3961,3781.87
3962,3093.59
3963,2186.84
3964,1129.41
3965,0.01
3966,0.01
3967,0.01
3968,0.01
3969,0.01
3970,0.01
3971,0.01
3972,0.01
3973,0.01
3974,0.01
3975,0.01
3976,0.01
3977,0.01
3978,995.89
3979,1911.22
3980,2688.91
3981,3281.36
3982,3652.74
3983,3780.68
3984,3657.29
3985,3289.50
3986,2698.85
3987,1920.54
3988,1001.88
3989,0.01
3990,0.01
3991,0.01
3992,0.01
3993,0.01
3994,0.01
3995,0.01
3996,0.01
3997,0.01
3998,0.01
3999,0.01
4000,0.01
4001,0.01
4002,1146.75
4003,2220.89
4004,3142.31
4005,3841.91
4006,4267.66
4007,4389.21
4008,4200.61
4009,3721.01
4010,2992.88
4011,2078.24
4012,1052.99
4013,0.01
4014,0.01
4015,0.01
4016,0.01
4017,0.01
4018,0.01
4019,0.01
4020,0.01
4021,0.01
4022,0.01
4023,0.01
4024,0.01
4025,0.01
4026,490.05
4027,854.54
4028,1079.94
4029,1168.43
4030,1135.96
4031,1008.92
4032,819.99
4033,603.63
4034,391.80
4035,210.47
4036,77.19
4037,0.01
4038,0.01
4039,1.09
4040,55.63
4041,123.97
4042,189.02
4043,236.48
4044,256.79
4045,246.15
4046,206.61
4047,145.19
4048,72.36
4049,0.01
4050,0.01
4051,0.01
4052,0.01
4053,0.01
4054,0.01
4055,0.01
4056,19.21
4057,59.27
4058,82.03
4059,80.82
4060,52.92
4061,0.01
4062,0.01
4063,0.01
4064,0.01
4065,0.01
4066,0.01
4067,0.01
4068,0.01
4069,0.01
4070,0.01
4071,0.01
4072,0.01
4073,0.01
4074,60.24
4075,96.74
4076,106.92
4077,92.49
4078,59.09
4079,15.33
4080,0.01
4081,0.01
4082,0.01
4083,0.01
4084,0.01
4085,0.01
4086,58.09
4087,117.41
4088,167.23
4089,198.06
4090,203.59
4091,182.14
4092,137.51
4093,78.89
4094,19.90
4095,0.01
4096,0.01
4097,0.01
4098,88.12
4099,230.31
4100,417.94
4101,633.18
4102,850.10
4103,1037.03
4104,1160.08
4105,1187.29
4106,1093.05
4107,862.19
4108,493.17
4109,0.01
4110,0.01
4111,0.01
4112,0.01
4113,0.01
4114,0.01
4115,0.01
4116,0.01
4117,0.01
4118,0.01
4119,0.01
4120,0.01
4121,0.01
4122,1046.77
4123,2065.55
4124,2974.15
4125,3697.30
4126,4173.55
4127,4360.78
4128,4240.04
4129,3817.22
4130,3122.39
4131,2207.10
4132,1139.83
4133,0.01
4134,0.01
4135,0.01
4136,0.01
4137,0.01
4138,0.01
4139,0.01
4140,0.01
4141,0.01
4142,0.01
4143,0.01
4144,0.01
4145,0.01
4146,1004.53
4147,1927.73
4148,2712.04
4149,3309.45
4150,3683.87
4151,3812.75
4152,3688.17
4153,3317.15
4154,2721.43
4155,1936.53
4156,1010.18
4157,0.01
4158,0.01
4159,0.01
4160,0.01
4161,0.01
4162,0.01
4163,0.01
4164,0.01
4165,0.01
4166,0.01
4167,0.01
4168,0.01
4169,0.01
4170,1155.62
4171,2238.00
4172,3166.38
4173,3871.20
4174,4300.03
4175,4422.32
4176,4232.14
4177,3748.79
4178,3015.11
4179,2093.60
4180,1060.73
4181,0.01
4182,0.01
4183,0.01
4184,0.01
4185,0.01
4186,0.01
4187,0.01
4188,0.01
4189,0.01
4190,0.01
4191,0.01
4192,0.01
4193,0.01
4194,493.39
4195,860.32
4196,1087.21
4197,1176.25
4198,1143.51
4199,1015.59
4200,825.38
4201,607.57
4202,394.34
4203,211.83
4204,77.69
4205,0.01
4206,0.01
4207,1.10
4208,55.98
4209,124.75
4210,190.19
4211,237.93
4212,258.35
4213,247.64
4214,207.86
4215,146.06
4216,72.79
4217,0.01
4218,0.01
4219,0.01
4220,0.01
4221,0.01
4222,0.01
4223,0.01
4224,19.32
4225,59.61
4226,82.49
4227,81.27
4228,53.21
4229,0.01
4230,0.01
4231,0.01
4232,0.01
4233,0.01
4234,0.01
4235,0.01
4236,0.01
4237,0.01
4238,0.01
4239,0.01
4240,0.01
4241,0.01
4242,60.53
4243,97.21
4244,107.44
4245,92.93
4246,59.37
4247,15.40
4248,0.01
4249,0.01
4250,0.01
4251,0.01
4252,0.01
4253,0.01
4254,58.35
4255,117.93
4256,167.96
4257,198.93
4258,204.47
4259,182.92
4260,138.09
4261,79.22
4262,19.98
4263,0.01
4264,0.01
4265,0.01
4266,88.48
4267,231.22
4268,419.58
4269,635.65
4270,853.37
4271,1040.98
4272,1164.46
4273,1191.73
4274,1097.10
4275,865.34
4276,494.95
4277,0.01
4278,0.01
4279,0.01
4280,0.01
4281,0.01
4282,0.01
4283,0.01
4284,0.01
4285,0.01
4286,0.01
4287,0.01
4288,0.01
4289,0.01
4290,1049.99
4291,2071.84
4292,2983.08
4293,3708.27
4294,4185.76
4295,4373.37
4296,4252.13
4297,3827.95
4298,3131.04
4299,2213.14
4300,1142.90
4301,0.01
4302,0.01
4303,0.01
4304,0.01
4305,0.01
4306,0.01
4307,0.01
4308,0.01
4309,0.01
4310,0.01
4311,0.01
4312,0.01
4313,0.01
4314,1006.70
4315,1931.81
4316,2717.68
4317,3316.20
4318,3691.24
4319,3820.23
4320,3695.27
4321,3323.40
4322,2726.45
4323,1940.03
4324,1011.97
4325,0.01
4326,0.01
4327,0.01
4328,0.01
4329,0.01
4330,0.01
4331,0.01
4332,0.01
4333,0.01
4334,0.01
4335,0.01
4336,0.01
4337,0.01
4338,1157.05
4339,2240.66
4340,3170.04
4341,3875.51
4342,4304.66
4343,4426.91
4344,4236.37
4345,3752.40
4346,3017.89
4347,2095.45
4348,1061.63
4349,0.01
4350,0.01
4351,0.01
4352,0.01
4353,0.01
4354,0.01
4355,0.01
4356,0.01
4357,0.01
4358,0.01
4359,0.01
4360,0.01
4361,0.01
4362,493.54
4363,860.56
4364,1087.46
4365,1176.47
4366,1143.69
4367,1015.70
4368,825.44
4369,607.59
4370,394.34
4371,211.82
4372,77.68
4373,0.01
4374,0.01
4375,1.10
4376,55.97
4377,124.71
4378,190.13
4379,237.85
4380,258.25
4381,247.54
4382,207.76
4383,145.99
4384,72.75
4385,0.01
4386,0.01
4387,0.01
4388,0.01
4389,0.01
4390,0.01
4391,0.01
4392,19.30
4393,59.55
4394,82.41
4395,81.19
4396,53.15
4397,0.01
4398,0.01
4399,0.01
4400,0.01
4401,0.01
4402,0.01
4403,0.01
4404,0.01
4405,0.01
4406,0.01
4407,0.01
4408,0.01
4409,0.01
4410,60.44
4411,97.06
4412,107.27
4413,92.78
4414,59.27
4415,15.37
4416,0.01
4417,0.01
4418,0.01
4419,0.01
4420,0.01
4421,0.01
4422,58.23
4423,117.69
4424,167.62
4425,198.50
4426,204.03
4427,182.52
4428,137.78
4429,79.04
4430,19.94
4431,0.01
4432,0.01
4433,0.01
4434,88.26
4435,230.64
4436,418.52
4437,634.01
4438,851.14
4439,1038.23
4440,1161.33
4441,1188.48
4442,1094.06
4443,862.92
4444,493.55
4445,0.01
4446,0.01
4447,0.01
4448,0.01
4449,0.01
4450,0.01
4451,0.01
4452,0.01
4453,0.01
4454,0.01
4455,0.01
4456,0.01
4457,0.01
4458,1046.45
4459,2064.76
4460,2972.78
4461,3695.31
4462,4170.98
4463,4357.75
4464,4236.78
4465,3813.99
4466,3119.50
4467,2204.90
4468,1138.60
4469,0.01
4470,0.01
4471,0.01
4472,0.01
4473,0.01
4474,0.01
4475,0.01
4476,0.01
4477,0.01
4478,0.01
4479,0.01
4480,0.01
4481,0.01
4482,1002.37
4483,1923.43
4484,2705.79
4485,3301.56
4486,3674.80
4487,3803.08
4488,3678.53
4489,3308.22
4490,2713.90
4491,1931.02
4492,1007.23
4493,0.01
4494,0.01
4495,0.01
4496,0.01
4497,0.01
4498,0.01
4499,0.01
4500,0.01
4501,0.01
4502,0.01
4503,0.01
4504,0.01
4505,0.01
4506,1151.01
4507,2228.88
4508,3153.24
4509,3854.83
4510,4281.53
4511,4402.95
4512,4213.28
4513,3731.80
4514,3001.21
4515,2083.78
4516,1055.68
4517,0.01
4518,0.01
4519,0.01
4520,0.01
4521,0.01
4522,0.01
4523,0.01
4524,0.01
4525,0.01
4526,0.01
4527,0.01
4528,0.01
4529,0.01
4530,490.51
4531,855.24
4532,1080.69
4533,1169.11
4534,1136.49
4535,1009.27
4536,820.18
4537,603.70
4538,391.80
4539,210.44
4540,77.17
4541,0.01
4542,0.01
4543,1.09
4544,55.59
4545,123.87
4546,188.84
4547,236.23
4548,256.49
4549,245.84
4550,206.32
4551,144.97
4552,72.24
4553,0.01
4554,0.01
4555,0.01
4556,0.01
4557,0.01
4558,0.01
4559,0.01
4560,19.16
4561,59.12
4562,81.80
4563,80.59
4564,52.76
4565,0.01
4566,0.01
4567,0.01
4568,0.01
4569,0.01
4570,0.01
4571,0.01
4572,0.01
4573,0.01
4574,0.01
4575,0.01
4576,0.01
4577,0.01
4578,59.96
4579,96.28
4580,106.40
4581,92.03
4582,58.79
4583,15.25
4584,0.01
4585,0.01
4586,0.01
4587,0.01
4588,0.01
4589,0.01
4590,57.74
4591,116.69
4592,166.19
4593,196.80
4594,202.27
4595,180.94
4596,136.59
4597,78.35
4598,19.76
4599,0.01
4600,0.01
4601,0.01
4602,87.47
4603,228.58
4604,414.76
4605,628.29
4606,843.43
4607,1028.77
4608,1150.71
4609,1177.57
4610,1083.97
4611,854.93
4612,488.96
4613,0.01
4614,0.01
4615,0.01
4616,0.01
4617,0.01
4618,0.01
4619,0.01
4620,0.01
4621,0.01
4622,0.01
4623,0.01
4624,0.01
4625,0.01
4626,1036.15
4627,2044.36
4628,2943.30
4629,3658.52
4630,4129.29
4631,4314.03
4632,4194.11
4633,3775.43
4634,3087.84
4635,2182.43
4636,1126.96
4637,0.01
4638,0.01
4639,0.01
4640,0.01
4641,0.01
4642,0.01
4643,0.01
4644,0.01
4645,0.01
4646,0.01
4647,0.01
4648,0.01
4649,0.01
4650,991.57
4651,1902.65
4652,2676.44
4653,3265.63
4654,3634.66
4655,3761.39
4656,3638.06
4657,3271.70
4658,2683.83
4659,1909.55
4660,995.99
4661,0.01
4662,0.01
4663,0.01
4664,0.01
4665,0.01
4666,0.01
4667,0.01
4668,0.01
4669,0.01
4670,0.01
4671,0.01
4672,0.01
4673,0.01
4674,1137.54
4675,2202.72
4676,3116.11
4677,3809.29
4678,4230.78
4679,4350.59
4680,4163.01
4681,3687.13
4682,2965.17
4683,2058.68
4684,1042.92
4685,0.01
4686,0.01
4687,0.01
4688,0.01
4689,0.01
4690,0.01
4691,0.01
4692,0.01
4693,0.01
4694,0.01
4695,0.01
4696,0.01
4697,0.01
4698,484.31
4699,844.40
4700,1066.96
4701,1154.21
4702,1121.95
4703,996.33
4704,809.63
4705,595.91
4706,386.73
4707,207.71
4708,76.17
4709,0.01
4710,0.01
4711,1.08
4712,54.86
4713,122.24
4714,186.34
4715,233.09
4716,253.07
4717,242.55
4718,203.56
4719,143.02
4720,71.27
4721,0.01
4722,0.01
4723,0.01
4724,0.01
4725,0.01
4726,0.01
4727,0.01
4728,18.90
4729,58.30
4730,80.67
4731,79.47
4732,52.02
4733,0.01
4734,0.01
4735,0.01
4736,0.01
4737,0.01
4738,0.01
4739,0.01
4740,0.01
4741,0.01
4742,0.01
4743,0.01
4744,0.01
4745,0.01
4746,59.09
4747,94.88
4748,104.85
4749,90.68
4750,57.93
4751,15.03
4752,0.01
4753,0.01
4754,0.01
4755,0.01
4756,0.01
4757,0.01
4758,56.87
4759,114.94
4760,163.68
4761,193.83
4762,199.21
4763,178.20
4764,134.51
4765,77.16
4766,19.46
4767,0.01
4768,0.01
4769,0.01
4770,86.12
4771,225.04
4772,408.32
4773,618.51
4774,830.27
4775,1012.68
4776,1132.67
4777,1159.06
4778,1066.89
4779,841.42
4780,481.21
4781,0.01
4782,0.01
4783,0.01
4784,0.01
4785,0.01
4786,0.01
4787,0.01
4788,0.01
4789,0.01
4790,0.01
4791,0.01
4792,0.01
4793,0.01
4794,1019.17
4795,2010.78
4796,2894.83
4797,3598.14
4798,4060.97
4799,4242.49
4800,4124.39
4801,3712.52
4802,3036.27
4803,2145.89
4804,1108.05
4805,0.01
4806,0.01
4807,0.01
4808,0.01
4809,0.01
4810,0.01
4811,0.01
4812,0.01
4813,0.01
4814,0.01
4815,0.01
4816,0.01
4817,0.01
4818,974.39
4819,1869.59
4820,2629.83
4821,3208.63
4822,3571.08
4823,3695.44
4824,3574.13
4825,3214.08
4826,2636.46
4827,1875.77
4828,978.33
4829,0.01
4830,0.01
4831,0.01
4832,0.01
4833,0.01
4834,0.01
4835,0.01
4836,0.01
4837,0.01
4838,0.01
4839,0.01
4840,0.01
4841,0.01
4842,1116.74
4843,2162.35
4844,3058.88
4845,3739.18
4846,4152.74
4847,4270.17
4848,4085.89
4849,3618.68
4850,2910.00
4851,2020.30
4852,1023.43
4853,0.01
4854,0.01
4855,0.01
4856,0.01
4857,0.01
4858,0.01
4859,0.01
4860,0.01
4861,0.01
4862,0.01
4863,0.01
4864,0.01
4865,0.01
4866,474.99
4867,828.12
4868,1046.35
4869,1131.86
4870,1100.19
4871,976.96
4872,793.86
4873,584.28
4874,379.16
4875,203.64
4876,74.67
4877,0.01
4878,0.01
4879,1.06
4880,53.78
4881,119.81
4882,182.64
4883,228.45
4884,248.02
4885,237.70
4886,199.48
4887,140.15
4888,69.83
4889,0.01
4890,0.01
4891,0.01
4892,0.01
4893,0.01
4894,0.01
4895,0.01
4896,18.51
4897,57.10
4898,79.01
4899,77.83
4900,50.95
4901,0.01
4902,0.01
4903,0.01
4904,0.01
4905,0.01
4906,0.01
4907,0.01
4908,0.01
4909,0.01
4910,0.01
4911,0.01
4912,0.01
4913,0.01
4914,57.84
4915,92.87
4916,102.62
4917,88.75
4918,56.69
4919,14.70
4920,0.01
4921,0.01
4922,0.01
4923,0.01
4924,0.01
4925,0.01
4926,55.64
4927,112.45
4928,160.13
4929,189.61
4930,194.87
4931,174.30
4932,131.57
4933,75.47
4934,19.03
4935,0.01
4936,0.01
4937,0.01
4938,84.21
4939,220.05
4940,399.25
4941,604.75
4942,811.76
4943,990.06
4944,1107.32
4945,1133.07
4946,1042.93
4947,822.49
4948,470.37
4949,0.01
4950,0.01
4951,0.01
4952,0.01
4953,0.01
4954,0.01
4955,0.01
4956,0.01
4957,0.01
4958,0.01
4959,0.01
4960,0.01
4961,0.01
4962,995.62
4963,1964.23
4964,2827.69
4965,3514.54
4966,3966.46
4967,4143.58
4968,4028.06
4969,3625.66
4970,2965.11
4971,2095.51
4972,1081.99
4973,0.01
4974,0.01
4975,0.01
4976,0.01
4977,0.01
4978,0.01
4979,0.01
4980,0.01
4981,0.01
4982,0.01
4983,0.01
4984,0.01
4985,0.01
4986,950.91
4987,1824.47
4988,2566.26
4989,3130.94
4990,3484.47
4991,3605.66
4992,3487.15
4993,3135.73
4994,2572.08
4995,1829.89
4996,954.36
4997,0.01
4998,0.01
4999,0.01
5000,0.01
5001,0.01
5002,0.01
5003,0.01
5004,0.01
5005,0.01
5006,0.01
5007,0.01
5008,0.01
5009,0.01
5010,1088.74
5011,2108.04
5012,2981.92
5013,3644.95
5014,4047.91
5015,4162.21
5016,3982.42
5017,3526.89
5018,2836.07
5019,1968.88
5020,997.35
5021,0.01
5022,0.01
5023,0.01
5024,0.01
5025,0.01
5026,0.01
5027,0.01
5028,0.01
5029,0.01
5030,0.01
5031,0.01
5032,0.01
5033,0.01
5034,462.61
5035,806.50
5036,1018.98
5037,1102.21
5038,1071.32
5039,951.29
5040,772.97
5041,568.88
5042,369.15
5043,198.26
5044,72.70
5045,0.01
5046,0.01
5047,1.03
5048,52.34
5049,116.61
5050,177.75
5051,222.33
5052,241.37
5053,231.32
5054,194.11
5055,136.38
5056,67.95
5057,0.01
5058,0.01
5059,0.01
5060,0.01
5061,0.01
5062,0.01
5063,0.01
5064,18.01
5065,55.54
5066,76.85
5067,75.70
5068,49.55
5069,0.01
5070,0.01
5071,0.01
5072,0.01
5073,0.01
5074,0.01
5075,0.01
5076,0.01
5077,0.01
5078,0.01
5079,0.01
5080,0.01
5081,0.01
5082,56.21
5083,90.26
5084,99.73
5085,86.25
5086,55.09
5087,14.29
5088,0.01
5089,0.01
5090,0.01
5091,0.01
5092,0.01
5093,0.01
5094,54.05
5095,109.23
5096,155.54
5097,184.17
5098,189.26
5099,169.28
5100,127.77
5101,73.29
5102,18.48
5103,0.01
5104,0.01
5105,0.01
5106,81.77
5107,213.64
5108,387.60
5109,587.08
5110,788.01
5111,961.05
5112,1074.83
5113,1099.78
5114,1012.24
5115,798.25
5116,456.49
5117,0.01
5118,0.01
5119,0.01
5120,0.01
5121,0.01
5122,0.01
5123,0.01
5124,0.01
5125,0.01
5126,0.01
5127,0.01
5128,0.01
5129,0.01
5130,965.64
5131,1905.01
5132,2742.32
5133,3408.28
5134,3846.36
5135,4017.94
5136,3905.76
5137,3515.42
5138,2874.82
5139,2031.62
5140,1048.95
5141,0.01
5142,0.01
5143,0.01
5144,-0.01
5145,-0.01
5146,-0.01
5147,-0.01
5148,-0.01
5149,-0.01
5150,-0.01
5151,-0.01
5152,-0.01
5153,-0.01
5154,921.29
5155,1767.57
5156,2486.12
5157,3033.03
5158,3375.36
5159,3492.60
5160,3377.66
5161,3037.13
5162,2491.09
5163,1772.19
5164,924.22
5165,-0.01
5166,-0.01
5167,-0.01
5168,-0.01
5169,-0.01
5170,-0.01
5171,-0.01
5172,-0.01
5173,-0.01
5174,-0.01
5175,-0.01
5176,-0.01
5177,-0.01
5178,1053.69
5179,2040.11
5180,2885.71
5181,3527.19
5182,3916.96
5183,4027.38
5184,3853.24
5185,3412.33
5186,2743.82
5187,1904.75
5188,964.81
5189,-0.01
5190,-0.01
5191,-0.01
5192,-0.01
5193,-0.01
5194,-0.01
5195,-0.01
5196,-0.01
5197,-0.01
5198,-0.01
5199,-0.01
5200,-0.01
5201,-0.01
5202,447.22
5203,779.65
5204,985.03
5205,1065.44
5206,1035.53
5207,919.46
5208,747.07
5209,549.79
5210,356.74
5211,191.57
5212,70.23
5213,-0.01
5214,-0.01
5215,0.97
5216,50.55
5217,112.64
5218,171.71
5219,214.76
5220,233.14
5221,223.42
5222,187.47
5223,131.70
5224,65.61
5225,-0.01
5226,-0.01
5227,-0.01
5228,-0.01
5229,-0.01
5230,-0.01
5231,-0.01
5232,17.37
5233,53.60
5234,74.17
5235,73.05
5236,47.81
5237,-0.01
5238,-0.01
5239,-0.01
5240,-0.01
5241,-0.01
5242,-0.01
5243,-0.01
5244,-0.01
5245,-0.01
5246,-0.01
5247,-0.01
5248,-0.01
5249,-0.01
5250,54.21
5251,87.04
5252,96.18
5253,83.17
5254,53.11
5255,13.76
5256,-0.01
5257,-0.01
5258,-0.01
5259,-0.01
5260,-0.01
5261,-0.01
5262,52.09
5263,105.28
5264,149.93
5265,177.52
5266,182.42
5267,163.15
5268,123.14
5269,70.62
5270,17.79
5271,-0.01
5272,-0.01
5273,-0.01
5274,78.77
5275,205.83
5276,373.43
5277,565.61
5278,759.16
5279,925.83
5280,1035.39
5281,1059.37
5282,975.00
5283,768.85
5284,439.64
5285,-0.01
5286,-0.01
5287,-0.01
5288,-0.01
5289,-0.01
5290,-0.01
5291,-0.01
5292,-0.01
5293,-0.01
5294,-0.01
5295,-0.01
5296,-0.01
5297,-0.01
5298,929.42
5299,1833.48
5300,2639.24
5301,3280.01
5302,3701.44
5303,3866.37
5304,3758.24
5305,3382.48
5306,2765.98
5307,1954.60
5308,1009.13
5309,-0.01
5310,-0.01
5311,-0.01
5312,-0.01
5313,-0.01
5314,-0.01
5315,-0.01
5316,-0.01
5317,-0.01
5318,-0.01
5319,-0.01
5320,-0.01
5321,-0.01
5322,885.74
5323,1699.29
5324,2389.96
5325,2915.58
5326,3244.50
5327,3357.03
5328,3246.40
5329,2918.97
5330,2394.05
5331,1703.07
5332,888.13
5333,-0.01
5334,-0.01
5335,-0.01
5336,-0.01
5337,-0.01
5338,-0.01
5339,-0.01
5340,-0.01
5341,-0.01
5342,-0.01
5343,-0.01
5344,-0.01
5345,-0.01
5346,1011.87
5347,1959.04
5348,2770.91
5349,3386.70
5350,3760.77
5351,3866.59
5352,3699.23
5353,3275.78
5354,2633.90
5355,1828.35
5356,926.06
5357,-0.01
5358,-0.01
5359,-0.01
5360,-0.01
5361,-0.01
5362,-0.01
5363,-0.01
5364,-0.01
5365,-0.01
5366,-0.01
5367,-0.01
5368,-0.01
5369,-0.01
5370,428.97
5371,747.80
5372,944.74
5373,1021.81
5374,993.08
5375,881.72
5376,716.37
5377,527.17
5378,342.05
5379,183.67
5380,67.33
5381,-0.01
5382,-0.01
5383,0.93
5384,48.46
5385,107.97
5386,164.57
5387,205.82
5388,223.43
5389,214.10
5390,179.65
5391,126.20
5392,62.86
5393,-0.01
5394,-0.01
5395,-0.01
5396,-0.01
5397,-0.01
5398,-0.01
5399,-0.01
5400,16.63
5401,51.34
5402,71.03
5403,69.96
5404,45.78
5405,-0.01
5406,-0.01
5407,-0.01
5408,-0.01
5409,-0.01
5410,-0.01
5411,-0.01
5412,-0.01
5413,-0.01
5414,-0.01
5415,-0.01
5416,-0.01
5417,-0.01
5418,51.87
5419,83.29
5420,92.03
5421,79.58
5422,50.82
5423,13.16
5424,-0.01
5425,-0.01
5426,-0.01
5427,-0.01
5428,-0.01
5429,-0.01
5430,49.82
5431,100.68
5432,143.37
5433,169.75
5434,174.42
5435,155.99
5436,117.72
5437,67.51
5438,17.01
5439,-0.01
5440,-0.01
5441,-0.01
5442,75.28
5443,196.72
5444,356.88
5445,540.50
5446,725.43
5447,884.65
5448,989.29
5449,1012.15
5450,931.50
5451,734.50
5452,419.98
5453,-0.01
5454,-0.01
5455,-0.01
5456,-0.01
5457,-0.01
5458,-0.01
5459,-0.01
5460,-0.01
5461,-0.01
5462,-0.01
5463,-0.01
5464,-0.01
5465,-0.01
5466,887.22
5467,1750.15
5468,2519.15
5469,3130.61
5470,3532.66
5471,3689.88
5472,3586.50
5473,3227.75
5474,2639.31
5475,1864.99
5476,962.81
5477,-0.01
5478,-0.01
5479,-0.01
5480,-0.01
5481,-0.01
5482,-0.01
5483,-0.01
5484,-0.01
5485,-0.01
5486,-0.01
5487,-0.01
5488,-0.01
5489,-0.01
5490,844.47
5491,1620.04
5492,2278.39
5493,2779.33
5494,3092.71
5495,3199.81
5496,3094.20
5497,2781.97
5498,2281.58
5499,1622.98
5500,846.32
5501,-0.01
5502,-0.01
5503,-0.01
5504,-0.01
5505,-0.01
5506,-0.01
5507,-0.01
5508,-0.01
5509,-0.01
5510,-0.01
5511,-0.01
5512,-0.01
5513,-0.01
5514,963.52
5515,1865.33
5516,2638.23
5517,3224.37
5518,3580.32
5519,3680.87
5520,3521.36
5521,3118.11
5522,2506.99
5523,1740.16
5524,881.35
5525,-0.01
5526,-0.01
5527,-0.01
5528,-0.01
5529,-0.01
5530,-0.01
5531,-0.01
5532,-0.01
5533,-0.01
5534,-0.01
5535,-0.01
5536,-0.01
5537,-0.01
5538,407.96
5539,711.12
5540,898.35
5541,971.59
5542,944.22
5543,838.30
5544,681.05
5545,501.15
5546,325.15
5547,174.59
5548,64.00
5549,-0.01
5550,-0.01
5551,0.89
5552,46.05
5553,102.59
5554,156.37
5555,195.56
5556,212.27
5557,203.40
5558,170.66
5559,119.88
5560,59.71
5561,-0.01
5562,-0.01
5563,-0.01
5564,-0.01
5565,-0.01
5566,-0.01
5567,-0.01
5568,15.79
5569,48.74
5570,67.43
5571,66.41
5572,43.46
5573,-0.01
5574,-0.01
5575,-0.01
5576,-0.01
5577,-0.01
5578,-0.01
5579,-0.01
5580,-0.01
5581,-0.01
5582,-0.01
5583,-0.01
5584,-0.01
5585,-0.01
5586,49.20
5587,79.00
5588,87.28
5589,75.47
5590,48.19
5591,12.48
5592,-0.01
5593,-0.01
5594,-0.01
5595,-0.01
5596,-0.01
5597,-0.01
5598,47.22
5599,95.43
5600,135.88
5601,160.88
5602,165.30
5603,147.82
5604,111.55
5605,63.97
5606,16.11
5607,-0.01
5608,-0.01
5609,-0.01
5610,71.31
5611,186.33
5612,338.02
5613,511.92
5614,687.02
5615,837.77
5616,936.81
5617,958.40
5618,881.98
5619,695.42
5620,397.61
5621,-0.01
5622,-0.01
5623,-0.01
5624,-0.01
5625,-0.01
5626,-0.01
5627,-0.01
5628,-0.01
5629,-0.01
5630,-0.01
5631,-0.01
5632,-0.01
5633,-0.01
5634,839.30
5635,1655.52
5636,2382.82
5637,2961.02
5638,3341.10
5639,3489.59
5640,3391.63
5641,3052.20
5642,2495.62
5643,1763.36
5644,910.29
5645,-0.01
5646,-0.01
5647,-0.01
5648,-0.01
5649,-0.01
5650,-0.01
5651,-0.01
5652,-0.01
5653,-0.01
5654,-0.01
5655,-0.01
5656,-0.01
5657,-0.01
5658,797.77
5659,1530.35
5660,2152.12
5661,2625.15
5662,2920.97
5663,3021.96
5664,2922.04
5665,2627.04
5666,2154.38
5667,1532.41
5668,799.04
5669,-0.01
5670,-0.01
5671,-0.01
5672,-0.01
5673,-0.01
5674,-0.01
5675,-0.01
5676,-0.01
5677,-0.01
5678,-0.01
5679,-0.01
5680,-0.01
5681,-0.01
5682,908.95
5683,1759.60
5684,2488.53
5685,3041.24
5686,3376.77
5687,3471.40
5688,3320.77
5689,2940.32
5690,2363.90
5691,1640.75
5692,830.95
5693,-0.01
5694,-0.01
5695,-0.01
5696,-0.01
5697,-0.01
5698,-0.01
5699,-0.01
5700,-0.01
5701,-0.01
5702,-0.01
5703,-0.01
5704,-0.01
5705,-0.01
5706,384.31
5707,669.86
5708,846.17
5709,915.10
5710,889.27
5711,789.47
5712,641.34
5713,471.90
5714,306.15
5715,164.38
5716,60.25
5717,-0.01
5718,-0.01
5719,0.83
5720,43.34
5721,96.56
5722,147.16
5723,184.04
5724,199.75
5725,191.39
5726,160.57
5727,112.79
5728,56.17
5729,-0.01
5730,-0.01
5731,-0.01
5732,-0.01
5733,-0.01
5734,-0.01
5735,-0.01
5736,14.85
5737,45.83
5738,63.40
5739,62.44
5740,40.85
5741,-0.01
5742,-0.01
5743,-0.01
5744,-0.01
5745,-0.01
5746,-0.01
5747,-0.01
5748,-0.01
5749,-0.01
5750,-0.01
5751,-0.01
5752,-0.01
5753,-0.01
5754,46.21
5755,74.20
5756,81.97
5757,70.87
5758,45.25
5759,11.72
5760,-0.01
5761,-0.01
5762,-0.01
5763,-0.01
5764,-0.01
5765,-0.01
5766,44.32
5767,89.57
5768,127.52
5769,150.97
5770,155.11
5771,138.70
5772,104.66
5773,60.01
5774,15.12
5775,-0.01
5776,-0.01
5777,-0.01
5778,66.88
5779,174.75
5780,316.99
5781,480.03
5782,644.18
5783,785.48
5784,878.28
5785,898.47
5786,826.78
5787,651.85
5788,372.68
5789,-0.01
5790,-0.01
5791,-0.01
5792,-0.01
5793,-0.01
5794,-0.01
5795,-0.01
5796,-0.01
5797,-0.01
5798,-0.01
5799,-0.01
5800,-0.01
5801,-0.01
5802,785.97
5803,1550.22
5804,2231.12
5805,2772.33
5806,3127.98
5807,3266.80
5808,3174.89
5809,2856.98
5810,2335.85
5811,1650.37
5812,851.92
5813,0.01
5814,0.01
5815,0.01
5816,0.01
5817,0.01
5818,0.01
5819,0.01
5820,0.01
5821,0.01
5822,0.01
5823,0.01
5824,0.01
5825,0.01
5826,745.93
5827,1430.80
5828,2011.99
5829,2454.05
5830,2730.42
5831,2824.63
5832,2731.06
5833,2455.17
5834,2013.31
5835,1431.98
5836,746.64
5837,0.01
5838,0.01
5839,0.01
5840,0.01
5841,0.01
5842,0.01
5843,0.01
5844,0.01
5845,0.01
5846,0.01
5847,0.01
5848,0.01
5849,0.01
5850,848.55
5851,1642.53
5852,2322.81
5853,2838.51
5854,3151.47
5855,3239.57
5856,3098.79
5857,2743.59
5858,2205.59
5859,1530.77
5860,775.21
5861,0.01
5862,0.01
5863,0.01
5864,0.01
5865,0.01
5866,0.01
5867,0.01
5868,0.01
5869,0.01
5870,0.01
5871,0.01
5872,0.01
5873,0.01
5874,358.20
5875,624.30
5876,788.56
5877,852.73
5878,828.61
5879,735.56
5880,597.52
5881,439.63
5882,285.20
5883,153.13
5884,56.14
5885,0.01
5886,0.01
5887,0.80
5888,40.37
5889,89.92
5890,137.03
5891,171.34
5892,185.96
5893,178.17
5894,149.47
5895,104.99
5896,52.29
5897,0.01
5898,0.01
5899,0.01
5900,0.01
5901,0.01
5902,0.01
5903,0.01
5904,13.83
5905,42.64
5906,58.98
5907,58.08
5908,38.01
5909,0.01
5910,0.01
5911,0.01
5912,0.01
5913,0.01
5914,0.01
5915,0.01
5916,0.01
5917,0.01
5918,0.01
5919,0.01
5920,0.01
5921,0.01
5922,42.95
5923,68.94
5924,76.15
5925,65.84
5926,42.04
5927,10.90
5928,0.01
5929,0.01
5930,0.01
5931,0.01
5932,0.01
5933,0.01
5934,41.16
5935,83.14
5936,118.36
5937,140.10
5938,143.94
5939,128.71
5940,97.12
5941,55.69
5942,14.04
5943,0.01
5944,0.01
5945,0.01
5946,62.04
5947,162.05
5948,293.92
5949,445.06
5950,597.21
5951,728.15
5952,814.11
5953,832.77
5954,766.26
5955,604.10
5956,345.36
5957,0.01
5958,0.01
5959,0.01
5960,0.01
5961,0.01
5962,0.01
5963,0.01
5964,0.01
5965,0.01
5966,0.01
5967,0.01
5968,0.01
5969,0.01
5970,727.58
5971,1434.95
5972,2065.04
5973,2565.77
5974,2894.71
5975,3022.95
5976,2937.68
5977,2643.31
5978,2161.00
5979,1526.71
5980,788.03
5981,0.01
5982,0.01
5983,0.01
5984,0.01
5985,0.01
5986,0.01
5987,0.01
5988,0.01
5989,0.01
5990,0.01
5991,0.01
5992,0.01
5993,0.01
5994,689.27
5995,1322.01
5996,1858.87
5997,2267.11
5998,2522.23
5999,2609.06
6000,2522.44
6001,2267.46
6002,1859.24
6003,1322.29
6004,689.39
6005,0.01
6006,0.01
6007,0.01
6008,0.01
6009,0.01
6010,0.01
6011,0.01
6012,0.01
6013,0.01
6014,0.01
6015,0.01
6016,0.01
6017,0.01
6018,782.65
6019,1514.85
6020,2142.08
6021,2617.46
6022,2905.81
6023,2986.82
6024,2856.80
6025,2529.14
6026,2033.04
6027,1410.90
6028,714.45
6029,0.01
6030,0.01
6031,0.01
6032,0.01
6033,0.01
6034,0.01
6035,0.01
6036,0.01
6037,0.01
6038,0.01
6039,0.01
6040,0.01
6041,0.01
6042,329.76
6043,574.69
6044,725.84
6045,784.85
6046,762.58
6047,676.90
6048,549.82
6049,404.50
6050,262.39
6051,140.87
6052,51.64
6053,0.01
6054,0.01
6055,0.73
6056,37.13
6057,82.68
6058,125.99
6059,157.53
6060,170.95
6061,163.78
6062,137.39
6063,96.49
6064,48.06
6065,0.01
6066,0.01
6067,0.01
6068,0.01
6069,0.01
6070,0.01
6071,0.01
6072,12.70
6073,39.16
6074,54.16
6075,53.33
6076,34.89
6077,0.01
6078,0.01
6079,0.01
6080,0.01
6081,0.01
6082,0.01
6083,0.01
6084,0.01
6085,0.01
6086,0.01
6087,0.01
6088,0.01
6089,0.01
6090,39.39
6091,63.21
6092,69.82
6093,60.36
6094,38.54
6095,10.00
6096,0.01
6097,0.01
6098,0.01
6099,0.01
6100,0.01
6101,0.01
6102,37.70
6103,76.16
6104,108.41
6105,128.32
6106,131.82
6107,117.86
6108,88.93
6109,50.99
6110,12.86
6111,0.01
6112,0.01
6113,0.01
6114,56.78
6115,148.30
6116,268.95
6117,407.20
6118,546.37
6119,666.10
6120,744.67
6121,761.67
6122,700.79
6123,552.43
6124,315.79
6125,0.01
6126,0.01
6127,0.01
6128,0.01
6129,0.01
6130,0.01
6131,0.01
6132,0.01
6133,0.01
6134,0.01
6135,0.01
6136,0.01
6137,0.01
6138,664.49
6139,1310.39
6140,1885.63
6141,2342.65
6142,2642.75
6143,2759.59
6144,2681.51
6145,2412.60
6146,1972.21
6147,1393.21
6148,719.06
6149,0.01
6150,0.01
6151,0.01
6152,0.01
6153,0.01
6154,0.01
6155,0.01
6156,0.01
6157,0.01
6158,0.01
6159,0.01
6160,0.01
6161,0.01
6162,628.15
6163,1204.69
6164,1693.75
6165,2065.55
6166,2297.78
6167,2376.66
6168,2297.55
6169,2065.12
6170,1693.17
6171,1204.08
6172,627.70
6173,0.01
6174,0.01
6175,0.01
6176,0.01
6177,0.01
6178,0.01
6179,0.01
6180,0.01
6181,0.01
6182,0.01
6183,0.01
6184,0.01
6185,0.01
6186,711.70
6187,1377.40
6188,1947.54
6189,2379.52
6190,2641.42
6191,2714.80
6192,2596.38
6193,2298.38
6194,1847.37
6195,1281.93
6196,649.08
6197,0.01
6198,0.01
6199,0.01
6200,0.01
6201,0.01
6202,0.01
6203,0.01
6204,0.01
6205,0.01
6206,0.01
6207,0.01
6208,0.01
6209,0.01
6210,299.20
6211,521.37
6212,658.43
6213,711.90
6214,691.63
6215,613.86
6216,498.57
6217,366.76
6218,237.89
6219,127.71
6220,46.81
6221,0.01
6222,0.01
6223,0.67
6224,33.64
6225,74.91
6226,114.14
6227,142.69
6228,154.84
6229,148.33
6230,124.41
6231,87.37
6232,43.51
6233,0.01
6234,0.01
6235,0.01
6236,0.01
6237,0.01
6238,0.01
6239,0.01
6240,11.49
6241,35.42
6242,48.99
6243,48.23
6244,31.56
6245,0.01
6246,0.01
6247,0.01
6248,0.01
6249,0.01
6250,0.01
6251,0.01
6252,0.01
6253,0.01
6254,0.01
6255,0.01
6256,0.01
6257,0.01
6258,35.57
6259,57.08
6260,63.04
6261,54.50
6262,34.79
6263,9.02
6264,0.01
6265,0.01
6266,0.01
6267,0.01
6268,0.01
6269,0.01
6270,34.01
6271,68.69
6272,97.76
6273,115.71
6274,118.85
6275,106.25
6276,80.16
6277,45.96
6278,11.59
6279,0.01
6280,0.01
6281,0.01
6282,51.15
6283,133.58
6284,242.23
6285,366.72
6286,492.00
6287,599.75
6288,670.43
6289,685.66
6290,630.79
6291,497.20
6292,284.19
6293,0.01
6294,0.01
6295,0.01
6296,0.01
6297,0.01
6298,0.01
6299,0.01
6300,0.01
6301,0.01
6302,0.01
6303,0.01
6304,0.01
6305,0.01
6306,597.11
6307,1177.39
6308,1694.05
6309,2104.42
6310,2373.75
6311,2478.42
6312,2408.04
6313,2166.32
6314,1770.70
6315,1250.73
6316,645.45
6317,0.01
6318,0.01
6319,0.01
6320,0.01
6321,0.01
6322,0.01
6323,0.01
6324,0.01
6325,0.01
6326,0.01
6327,0.01
6328,0.01
6329,0.01
6330,562.99
6331,1079.60
6332,1517.71
6333,1850.66
6334,2058.50
6335,2128.94
6336,2057.84
6337,1849.45
6338,1516.19
6339,1078.09
6340,561.96
6341,0.01
6342,0.01
6343,0.01
6344,0.01
6345,0.01
6346,0.01
6347,0.01
6348,0.01
6349,0.01
6350,0.01
6351,0.01
6352,0.01
6353,0.01
6354,636.16
6355,1231.07
6356,1740.44
6357,2126.24
6358,2359.99
6359,2425.27
6360,2319.22
6361,2052.79
6362,1649.79
6363,1144.69
6364,579.53
6365,0.01
6366,0.01
6367,0.01
6368,0.01
6369,0.01
6370,0.01
6371,0.01
6372,0.01
6373,0.01
6374,0.01
6375,0.01
6376,0.01
6377,0.01
6378,266.70
6379,464.69
6380,586.78
6381,634.35
6382,616.23
6383,546.87
6384,444.11
6385,326.66
6386,211.86
6387,113.72
6388,41.68
6389,0.01
6390,0.01
6391,0.59
6392,29.94
6393,66.66
6394,101.55
6395,126.94
6396,137.73
6397,131.92
6398,110.64
6399,77.69
6400,38.69
6401,0.01
6402,0.01
6403,0.01
6404,0.01
6405,0.01
6406,0.01
6407,0.01
6408,10.21
6409,31.46
6410,43.50
6411,42.82
6412,28.02
6413,0.01
6414,0.01
6415,0.01
6416,0.01
6417,0.01
6418,0.01
6419,0.01
6420,0.01
6421,0.01
6422,0.01
6423,0.01
6424,0.01
6425,0.01
6426,31.52
6427,50.58
6428,55.86
6429,48.28
6430,30.82
6431,7.99
6432,0.01
6433,0.01
6434,0.01
6435,0.01
6436,0.01
6437,0.01
6438,30.09
6439,60.77
6440,86.49
6441,102.35
6442,105.11
6443,93.96
6444,70.88
6445,40.63
6446,10.24
6447,0.01
6448,0.01
6449,0.01
6450,45.19
6451,118.01
6452,213.96
6453,323.87
6454,434.45
6455,529.54
6456,591.87
6457,605.23
6458,556.72
6459,438.76
6460,250.76
6461,0.01
6462,0.01
6463,0.01
6464,0.01
6465,0.01
6466,0.01
6467,0.01
6468,0.01
6469,0.01
6470,0.01
6471,0.01
6472,0.01
6473,0.01
6474,525.87
6475,1036.79
6476,1491.55
6477,1852.61
6478,2089.43
6479,2181.27
6480,2119.04
6481,1906.07
6482,1557.77
6483,1100.17
6484,567.68
6485,0.01
6486,0.01
6487,0.01
6488,0.01
6489,0.01
6490,0.01
6491,0.01
6492,0.01
6493,0.01
6494,0.01
6495,0.01
6496,0.01
6497,0.01
6498,494.20
6499,947.55
6500,1331.88
6501,1623.84
6502,1805.95
6503,1867.48
6504,1804.87
6505,1621.86
6506,1329.42
6507,945.16
6508,492.60
6509,0.01
6510,0.01
6511,0.01
6512,0.01
6513,0.01
6514,0.01
6515,0.01
6516,0.01
6517,0.01
6518,0.01
6519,0.01
6520,0.01
6521,0.01
6522,556.52
6523,1076.79
6524,1522.11
6525,1859.24
6526,2063.34
6527,2120.11
6528,2027.10
6529,1793.97
6530,1441.56
6531,1000.07
6532,506.23
6533,0.01
6534,0.01
6535,0.01
6536,0.01
6537,0.01
6538,0.01
6539,0.01
6540,0.01
6541,0.01
6542,0.01
6543,0.01
6544,0.01
6545,0.01
6546,232.49
6547,405.01
6548,511.35
6549,552.72
6550,536.84
6551,476.35
6552,386.78
6553,284.45
6554,184.45
6555,98.99
6556,36.28
6557,0.01
6558,0.01
6559,0.52
6560,26.04
6561,57.98
6562,88.31
6563,110.37
6564,119.73
6565,114.66
6566,96.15
6567,67.50
6568,33.61
6569,0.01
6570,0.01
6571,0.01
6572,0.01
6573,0.01
6574,0.01
6575,0.01
6576,8.86
6577,27.29
6578,37.73
6579,37.14
6580,24.29
6581,0.01
6582,0.01
6583,0.01
6584,0.01
6585,0.01
6586,0.01
6587,0.01
6588,0.01
6589,0.01
6590,0.01
6591,0.01
6592,0.01
6593,0.01
6594,27.27
6595,43.75
6596,48.31
6597,41.75
6598,26.65
6599,6.91
6600,0.01
6601,0.01
6602,0.01
6603,0.01
6604,0.01
6605,0.01
6606,25.99
6607,52.47
6608,74.65
6609,88.33
6610,90.70
6611,81.06
6612,61.14
6613,35.04
6614,8.83
6615,0.01
6616,0.01
6617,0.01
6618,38.94
6619,101.67
6620,184.31
6621,278.94
6622,374.11
6623,455.91
6624,509.48
6625,520.90
6626,479.06
6627,377.49
6628,215.70
6629,0.01
6630,0.01
6631,0.01
6632,0.01
6633,0.01
6634,0.01
6635,0.01
6636,0.01
6637,0.01
6638,0.01
6639,0.01
6640,0.01
6641,0.01
6642,451.25
6643,889.50
6644,1279.43
6645,1588.86
6646,1791.64
6647,1870.06
6648,1816.38
6649,1633.53
6650,1334.79
6651,942.52
6652,486.24
6653,0.01
6654,0.01
6655,0.01
6656,0.01
6657,0.01
6658,0.01
6659,0.01
6660,0.01
6661,0.01
6662,0.01
6663,0.01
6664,0.01
6665,0.01
6666,422.22
6667,809.38
6668,1137.46
6669,1386.54
6670,1541.75
6671,1593.98
6672,1540.24
6673,1383.81
6674,1134.08
6675,806.13
6676,420.06
6677,0.01
6678,0.01
6679,0.01
6680,0.01
6681,0.01
6682,0.01
6683,0.01
6684,0.01
6685,0.01
6686,0.01
6687,0.01
6688,0.01
6689,0.01
6690,473.29
6691,915.57
6692,1293.96
6693,1580.25
6694,1753.38
6695,1801.26
6696,1721.91
6697,1523.57
6698,1224.04
6699,849.00
6700,429.68
6701,0.01
6702,0.01
6703,0.01
6704,0.01
6705,0.01
6706,0.01
6707,0.01
6708,0.01
6709,0.01
6710,0.01
6711,0.01
6712,0.01
6713,0.01
6714,196.77
6715,342.72
6716,432.62
6717,467.52
6718,454.00
6719,402.76
6720,326.96
6721,240.41
6722,155.86
6723,83.63
6724,30.64
6725,0.01
6726,0.01
6727,0.44
6728,21.98
6729,48.92
6730,74.49
6731,93.08
6732,100.96
6733,96.66
6734,81.04
6735,56.88
6736,28.32
6737,0.01
6738,0.01
6739,0.01
6740,0.01
6741,0.01
6742,0.01
6743,0.01
6744,7.45
6745,22.95
6746,31.72
6747,31.22
6748,20.42
6749,0.01
6750,0.01
6751,0.01
6752,0.01
6753,0.01
6754,0.01
6755,0.01
6756,0.01
6757,0.01
6758,0.01
6759,0.01
6760,0.01
6761,0.01
6762,22.85
6763,36.65
6764,40.45
6765,34.95
6766,22.30
6767,5.78
6768,0.01
6769,0.01
6770,0.01
6771,0.01
6772,0.01
6773,0.01
6774,21.71
6775,43.82
6776,62.34
6777,73.74
6778,75.70
6779,67.64
6780,51.00
6781,29.23
6782,7.37
6783,0.01
6784,0.01
6785,0.01
6786,32.44
6787,84.68
6788,153.46
6789,232.20
6790,311.35
6791,379.34
6792,423.81
6793,433.20
6794,398.31
6795,313.79
6796,179.26
6797,0.01
6798,0.01
6799,0.01
6800,0.01
6801,0.01
6802,0.01
6803,0.01
6804,0.01
6805,0.01
6806,0.01
6807,0.01
6808,0.01
6809,0.01
6810,373.71
6811,736.47
6812,1059.06
6813,1314.86
6814,1482.29
6815,1546.78
6816,1502.00
6817,1350.45
6818,1103.20
6819,778.79
6820,401.68
6821,0.01
6822,0.01
6823,0.01
6824,0.01
6825,0.01
6826,0.01
6827,0.01
6828,0.01
6829,0.01
6830,0.01
6831,0.01
6832,0.01
6833,0.01
6834,347.51
6835,666.00
6836,935.71
6837,1140.30
6838,1267.61
6839,1310.20
6840,1265.69
6841,1136.84
6842,931.42
6843,661.90
6844,344.81
6845,0.01
6846,0.01
6847,0.01
6848,0.01
6849,0.01
6850,0.01
6851,0.01
6852,0.01
6853,0.01
6854,0.01
6855,0.01
6856,0.01
6857,0.01
6858,387.01
6859,748.45
6860,1057.47
6861,1291.07
6862,1432.11
6863,1470.80
6864,1405.60
6865,1243.35
6866,998.62
6867,692.45
6868,350.35
6869,0.01
6870,0.01
6871,0.01
6872,0.01
6873,0.01
6874,0.01
6875,0.01
6876,0.01
6877,0.01
6878,0.01
6879,0.01
6880,0.01
6881,0.01
6882,159.79
6883,278.22
6884,351.10
6885,379.31
6886,368.23
6887,326.57
6888,265.03
6889,194.81
6890,126.26
6891,67.73
6892,24.81
6893,0.01
6894,0.01
6895,0.36
6896,17.78
6897,39.55
6898,60.20
6899,75.20
6900,81.54
6901,78.04
6902,65.41
6903,45.90
6904,22.84
6905,0.01
6906,0.01
6907,0.01
6908,0.01
6909,0.01
6910,0.01
6911,0.01
6912,6.00
6913,18.46
6914,25.51
6915,25.09
6916,16.41
6917,0.01
6918,0.01
6919,0.01
6920,0.01
6921,0.01
6922,0.01
6923,0.01
6924,0.01
6925,0.01
6926,0.01
6927,0.01
6928,0.01
6929,0.01
6930,18.28
6931,29.30
6932,32.33
6933,27.93
6934,17.82
6935,4.62
6936,0.01
6937,0.01
6938,0.01
6939,0.01
6940,0.01
6941,0.01
6942,17.29
6943,34.89
6944,49.62
6945,58.67
6946,60.21
6947,53.78
6948,40.54
6949,23.23
6950,5.85
6951,0.01
6952,0.01
6953,0.01
6954,25.73
6955,67.14
6956,121.63
6957,183.97
6958,246.59
6959,300.32
6960,335.41
6961,342.72
6962,315.00
6963,248.06
6964,141.66
6965,0.01
6966,0.01
6967,0.01
6968,0.01
6969,0.01
6970,0.01
6971,0.01
6972,0.01
6973,0.01
6974,0.01
6975,0.01
6976,0.01
6977,0.01
6978,293.77
6979,578.70
6980,831.85
6981,1032.37
6982,1163.38
6983,1213.52
6984,1177.93
6985,1058.67
6986,864.49
6987,610.04
6988,314.52
6989,0.01
6990,0.01
6991,0.01
6992,0.01
6993,0.01
6994,0.01
6995,0.01
6996,0.01
6997,0.01
6998,0.01
6999,0.01
7000,0.01
7001,0.01
7002,270.57
7003,518.31
7004,727.92
7005,886.70
7006,985.29
7007,1017.97
7008,982.97
7009,882.53
7010,722.76
7011,513.40
7012,267.34
7013,0.01
7014,0.01
7015,0.01
7016,0.01
7017,0.01
7018,0.01
7019,0.01
7020,0.01
7021,0.01
7022,0.01
7023,0.01
7024,0.01
7025,0.01
7026,298.23
7027,576.50
7028,814.15
7029,993.56
7030,1101.60
7031,1130.85
7032,1080.24
7033,955.10
7034,766.77
7035,531.44
7036,268.76
7037,0.01
7038,0.01
7039,0.01
7040,0.01
7041,0.01
7042,0.01
7043,0.01
7044,0.01
7045,0.01
7046,0.01
7047,0.01
7048,0.01
7049,0.01
7050,121.77
7051,211.93
7052,267.31
7053,288.65
7054,280.08
7055,248.27
7056,201.39
7057,147.96
7058,95.85
7059,51.39
7060,18.82
7061,0.01
7062,0.01
7063,0.27
7064,13.46
7065,29.92
7066,45.52
7067,56.83
7068,61.59
7069,58.92
7070,49.36
7071,34.62
7072,17.22
7073,0.01
7074,0.01
7075,0.01
7076,0.01
7077,0.01
7078,0.01
7079,0.01
7080,4.50
7081,13.85
7082,19.13
7083,18.81
7084,12.29
7085,0.01
7086,0.01
7087,0.01
7088,0.01
7089,0.01
7090,0.01
7091,0.01
7092,0.01
7093,0.01
7094,0.01
7095,0.01
7096,0.01
7097,0.01
7098,13.59
7099,21.77
7100,24.01
7101,20.72
7102,13.21
7103,3.43
7104,0.01
7105,0.01
7106,0.01
7107,0.01
7108,0.01
7109,0.01
7110,12.77
7111,25.74
7112,36.58
7113,43.23
7114,44.34
7115,39.58
7116,29.82
7117,17.07
7118,4.30
7119,0.01
7120,0.01
7121,0.01
7122,18.86
7123,49.16
7124,89.01
7125,134.55
7126,180.23
7127,219.37
7128,244.84
7129,250.02
7130,229.65
7131,180.73
7132,103.15
7133,0.01
7134,0.01
7135,0.01
7136,0.01
7137,0.01
7138,0.01
7139,0.01
7140,0.01
7141,0.01
7142,0.01
7143,0.01
7144,0.01
7145,0.01
7146,211.93
7147,417.19
7148,599.28
7149,743.23
7150,836.97
7151,872.44
7152,846.26
7153,760.05
7154,620.21
7155,437.36
7156,225.33
7157,0.01
7158,0.01
7159,0.01
7160,0.01
7161,0.01
7162,0.01
7163,0.01
7164,0.01
7165,0.01
7166,0.01
7167,0.01
7168,0.01
7169,0.01
7170,191.88
7171,367.29
7172,515.43
7173,627.39
7174,696.61
7175,719.17
7176,693.91
7177,622.53
7178,509.43
7179,361.59
7180,188.14
7181,0.01
7182,0.01
7183,0.01
7184,0.01
7185,0.01
7186,0.01
7187,0.01
7188,0.01
7189,0.01
7190,0.01
7191,0.01
7192,0.01
7193,0.01
7194,207.53
7195,400.83
7196,565.59
7197,689.64
7198,763.99
7199,783.61
7200,747.90
7201,660.70
7202,529.96
7203,366.99
7204,185.44
7205,0.01
7206,0.01
7207,0.01
7208,0.01
7209,0.01
7210,0.01
7211,0.01
7212,0.01
7213,0.01
7214,0.01
7215,0.01
7216,0.01
7217,0.01
7218,82.97
7219,144.27
7220,181.80
7221,196.13
7222,190.12
7223,168.37
7224,136.45
7225,100.15
7226,64.82
7227,34.72
7228,12.70
7229,0.01
7230,0.01
7231,0.19
7232,9.05
7233,20.10
7234,30.54
7235,38.10
7236,41.24
7237,39.42
7238,32.99
7239,23.11
7240,11.49
7241,0.01
7242,0.01
7243,0.01
7244,0.01
7245,0.01
7246,0.01
7247,0.01
7248,2.98
7249,9.15
7250,12.63
7251,12.40
7252,8.10
7253,0.01
7254,0.01
7255,0.01
7256,0.01
7257,0.01
7258,0.01
7259,0.01
7260,0.01
7261,0.01
7262,0.01
7263,0.01
7264,0.01
7265,0.01
7266,8.81
7267,14.09
7268,15.52
7269,13.38
7270,8.53
7271,2.21
7272,0.01
7273,0.01
7274,0.01
7275,0.01
7276,0.01
7277,0.01
7278,8.16
7279,16.42
7280,23.31
7281,27.51
7282,28.18
7283,25.12
7284,18.90
7285,10.81
7286,2.72
7287,0.01
7288,0.01
7289,0.01
7290,11.86
7291,30.88
7292,55.82
7293,84.26
7294,112.71
7295,137.00
7296,152.69
7297,155.70
7298,142.82
7299,112.24
7300,63.97
7301,0.01
7302,0.01
7303,0.01
7304,0.01
7305,0.01
7306,0.01
7307,0.01
7308,0.01
7309,0.01
7310,0.01
7311,0.01
7312,0.01
7313,0.01
7314,128.72
7315,252.99
7316,362.85
7317,449.30
7318,505.16
7319,525.73
7320,509.14
7321,456.53
7322,371.93
7323,261.85
7324,134.68
7325,0.01
7326,0.01
7327,0.01
7328,0.01
7329,0.01
7330,0.01
7331,0.01
7332,0.01
7333,0.01
7334,0.01
7335,0.01
7336,0.01
7337,0.01
7338,111.95
7339,213.90
7340,299.62
7341,364.03
7342,403.44
7343,415.73
7344,400.38
7345,358.51
7346,292.82
7347,207.44
7348,107.73
7349,0.01
7350,0.01
7351,0.01
7352,0.01
7353,0.01
7354,0.01
7355,0.01
7356,0.01
7357,0.01
7358,0.01
7359,0.01
7360,0.01
7361,0.01
7362,115.49
7363,222.57
7364,313.38
7365,381.28
7366,421.45
7367,431.32
7368,410.74
7369,362.04
7370,289.74
7371,200.19
7372,100.92
7373,0.01
7374,0.01
7375,0.01
7376,0.01
7377,0.01
7378,0.01
7379,0.01
7380,0.01
7381,0.01
7382,0.01
7383,0.01
7384,0.01
7385,0.01
7386,43.64
7387,75.68
7388,95.11
7389,102.34
7390,98.94
7391,87.39
7392,70.63
7393,51.70
7394,33.37
7395,17.83
7396,6.51
7397,0.01
7398,0.01
7399,0.10
7400,4.58
7401,10.15
7402,15.37
7403,19.11
7404,20.63
7405,19.66
7406,16.40
7407,11.46
7408,5.68
7409,0.01
7410,0.01
7411,0.01
7412,0.01
7413,0.01
7414,0.01
7415,0.01
7416,1.44
7417,4.40
7418,6.04
7419,5.91
7420,3.85
7421,0.01
7422,0.01
7423,0.01
7424,0.01
7425,0.01
7426,0.01
7427,0.01
7428,0.01
7429,0.01
7430,0.01
7431,0.01
7432,0.01
7433,0.01
7434,3.97
7435,6.33
7436,6.94
7437,5.96
7438,3.78
7439,0.98
7440,0.01
7441,0.01
7442,0.01
7443,0.01
7444,0.01
7445,0.01
7446,3.50
7447,7.00
7448,9.88
7449,11.61
7450,11.83
7451,10.50
7452,7.86
7453,4.48
7454,1.13
7455,0.01
7456,0.01
7457,0.01
7458,4.79
7459,12.39
7460,22.27
7461,33.43
7462,44.47
7463,53.75
7464,59.56
7465,60.39
7466,55.07
7467,43.03
7468,24.38
7469,0.01
7470,0.01
7471,0.01
7472,0.01
7473,0.01
7474,0.01
7475,0.01
7476,0.01
7477,0.01
7478,0.01
7479,0.01
7480,0.01
7481,0.01
7482,44.68
7483,87.17
7484,124.07
7485,152.46
7486,170.09
7487,175.63
7488,168.73
7489,150.07
7490,121.25
7491,84.65
7492,43.17
7493,0.01
7494,0.01
7495,0.01
7496,0.01
7497,0.01
7498,0.01
7499,0.01
7500,0.01
7501,0.01
7502,0.01
7503,0.01
7504,0.01
7505,0.01
7506,31.30
7507,59.13
7508,81.88
7509,98.32
7510,107.67
7511,109.61
7512,104.26
7513,92.18
7514,74.32
7515,51.96
7516,26.63
7517,0.01
7518,0.01
7519,0.01
7520,0.01
7521,0.01
7522,0.01
7523,0.01
7524,0.01
7525,0.01
7526,0.01
7527,0.01
7528,0.01
7529,0.01
7530,22.70
7531,42.88
7532,59.14
7533,70.45
7534,76.19
7535,76.24
7536,70.93
7537,61.04
7538,47.65
7539,32.09
7540,15.75
7541,0.01
7542,0.01
7543,0.01
7544,0.01
7545,0.01
7546,0.01
7547,0.01
7548,0.01
7549,0.01
7550,0.01
7551,0.01
7552,0.01
7553,0.01
7554,4.02
7555,6.60
7556,7.82
7557,7.89
7558,7.12
7559,5.84
7560,4.36
7561,2.92
7562,1.71
7563,0.82
7564,0.27
7565,0.01
7566,0.01
7567,0.01
7568,0.09
7569,0.13
7570,0.10
7571,-0.01
7572,-0.13
7573,-0.25
7574,-0.31
7575,-0.29
7576,-0.18
7577,-0.01
7578,-0.01
7579,-0.01
7580,-0.01
7581,-0.01
7582,-0.01
7583,-0.01
7584,-0.13
7585,-0.41
7586,-0.60
7587,-0.63
7588,-0.44
7589,-0.01
7590,-0.01
7591,-0.01
7592,-0.01
7593,-0.01
7594,-0.01
7595,-0.01
7596,-0.01
7597,-0.01
7598,-0.01
7599,-0.01
7600,-0.01
7601,-0.01
7602,-0.91
7603,-1.50
7604,-1.71
7605,-1.52
7606,-1.00
7607,-0.27
7608,-0.01
7609,-0.01
7610,-0.01
7611,-0.01
7612,-0.01
7613,-0.01
7614,-1.21
7615,-2.49
7616,-3.62
7617,-4.39
7618,-4.61
7619,-4.21
7620,-3.25
7621,-1.90
7622,-0.50
7623,-0.01
7624,-0.01
7625,-0.01
7626,-2.34
7627,-6.20
7628,-11.44
7629,-17.64
7630,-24.08
7631,-29.87
7632,-33.97
7633,-35.34
7634,-33.06
7635,-26.49
7636,-15.39
7637,-0.01
7638,-0.01
7639,-0.01
7640,-0.01
7641,-0.01
7642,-0.01
7643,-0.01
7644,-0.01
7645,-0.01
7646,-0.01
7647,-0.01
7648,-0.01
7649,-0.01
7650,-39.66
7651,-79.25
7652,-115.52
7653,-145.37
7654,-166.09
7655,-175.63
7656,-172.79
7657,-157.38
7658,-130.23
7659,-93.11
7660,-48.63
7661,-0.01
7662,-0.01
7663,-0.01
7664,-0.01
7665,-0.01
7666,-0.01
7667,-0.01
7668,-0.01
7669,-0.01
7670,-0.01
7671,-0.01
7672,-0.01
7673,-0.01
7674,-49.58
7675,-96.05
7676,-136.42
7677,-168.04
7678,-188.81
7679,-197.23
7680,-192.55
7681,-174.76
7682,-144.68
7683,-103.88
7684,-54.67
7685,-0.01
7686,-0.01
7687,-0.01
7688,-0.01
7689,-0.01
7690,-0.01
7691,-0.01
7692,-0.01
7693,-0.01
7694,-0.01
7695,-0.01
7696,-0.01
7697,-0.01
7698,-70.25
7699,-137.11
7700,-195.49
7701,-240.85
7702,-269.58
7703,-279.35
7704,-269.35
7705,-240.38
7706,-194.77
7707,-136.24
7708,-69.54
7709,-0.01
7710,-0.01
7711,-0.01
7712,-0.01
7713,-0.01
7714,-0.01
7715,-0.01
7716,-0.01
7717,-0.01
7718,-0.01
7719,-0.01
7720,-0.01
7721,-0.01
7722,-35.64
7723,-62.54
7724,-79.55
7725,-86.63
7726,-84.76
7727,-75.76
7728,-61.97
7729,-45.91
7730,-29.99
7731,-16.21
7732,-5.99
7733,-0.01
7734,-0.01
7735,-0.10
7736,-4.42
7737,-9.91
7738,-15.19
7739,-19.11
7740,-20.88
7741,-20.13
7742,-17.00
7743,-12.02
7744,-6.03
7745,-0.01
7746,-0.01
7747,-0.01
7748,-0.01
7749,-0.01
7750,-0.01
7751,-0.01
7752,-1.68
7753,-5.19
7754,-7.22
7755,-7.15
7756,-4.71
7757,-0.01
7758,-0.01
7759,-0.01
7760,-0.01
7761,-0.01
7762,-0.01
7763,-0.01
7764,-0.01
7765,-0.01
7766,-0.01
7767,-0.01
7768,-0.01
7769,-0.01
7770,-5.76
7771,-9.29
7772,-10.32
7773,-8.97
7774,-5.76
7775,-1.51
7776,-0.01
7777,-0.01
7778,-0.01
7779,-0.01
7780,-0.01
7781,-0.01
7782,-5.89
7783,-11.94
7784,-17.09
7785,-20.33
7786,-20.99
7787,-18.87
7788,-14.31
7789,-8.25
7790,-2.10
7791,-0.01
7792,-0.01
7793,-0.01
7794,-9.43
7795,-24.73
7796,-45.07
7797,-68.57
7798,-92.46
7799,-113.28
7800,-127.27
7801,-130.81
7802,-120.95
7803,-95.81
7804,-55.04
7805,-0.01
7806,-0.01
7807,-0.01
7808,-0.01
7809,-0.01
7810,-0.01
7811,-0.01
7812,-0.01
7813,-0.01
7814,-0.01
7815,-0.01
7816,-0.01
7817,-0.01
7818,-123.73
7819,-245.13
7820,-354.35
7821,-442.25
7822,-501.19
7823,-525.73
7824,-513.17
7825,-463.80
7826,-380.85
7827,-270.25
7828,-140.11
7829,-0.01
7830,-0.01
7831,-0.01
7832,-0.01
7833,-0.01
7834,-0.01
7835,-0.01
7836,-0.01
7837,-0.01
7838,-0.01
7839,-0.01
7840,-0.01
7841,-0.01
7842,-130.11
7843,-250.58
7844,-353.81
7845,-433.30
7846,-484.06
7847,-502.79
7848,-488.10
7849,-440.56
7850,-362.72
7851,-259.02
7852,-135.60
7853,-0.01
7854,-0.01
7855,-0.01
7856,-0.01
7857,-0.01
7858,-0.01
7859,-0.01
7860,-0.01
7861,-0.01
7862,-0.01
7863,-0.01
7864,-0.01
7865,-0.01
7866,-162.73
7867,-316.19
7868,-448.85
7869,-550.57
7870,-613.59
7871,-633.12
7872,-607.88
7873,-540.22
7874,-435.91
7875,-303.67
7876,-154.36
7877,-0.01
7878,-0.01
7879,-0.01
7880,-0.01
7881,-0.01
7882,-0.01
7883,-0.01
7884,-0.01
7885,-0.01
7886,-0.01
7887,-0.01
7888,-0.01
7889,-0.01
7890,-75.05
7891,-131.26
7892,-166.39
7893,-180.57
7894,-176.08
7895,-156.86
7896,-127.87
7897,-94.41
7898,-61.47
7899,-33.12
7900,-12.19
7901,-0.01
7902,-0.01
7903,-0.18
7904,-8.89
7905,-19.86
7906,-30.36
7907,-38.10
7908,-41.49
7909,-39.88
7910,-33.57
7911,-23.66
7912,-11.83
7913,-0.01
7914,-0.01
7915,-0.01
7916,-0.01
7917,-0.01
7918,-0.01
7919,-0.01
7920,-3.22
7921,-9.94
7922,-13.79
7923,-13.63
7924,-8.95
7925,-0.01
7926,-0.01
7927,-0.01
7928,-0.01
7929,-0.01
7930,-0.01
7931,-0.01
7932,-0.01
7933,-0.01
7934,-0.01
7935,-0.01
7936,-0.01
7937,-0.01
7938,-10.58
7939,-17.03
7940,-18.87
7941,-16.37
7942,-10.49
7943,-2.73
7944,-0.01
7945,-0.01
7946,-0.01
7947,-0.01
7948,-0.01
7949,-0.01
7950,-10.53
7951,-21.32
7952,-30.44
7953,-36.15
7954,-37.25
7955,-33.41
7956,-25.29
7957,-14.55
7958,-3.68
7959,-0.01
7960,-0.01
7961,-0.01
7962,-16.45
7963,-43.10
7964,-78.40
7965,-119.06
7966,-160.24
7967,-195.95
7968,-219.74
7969,-225.45
7970,-208.06
7971,-164.52
7972,-94.33
7973,-0.01
7974,-0.01
7975,-0.01
7976,-0.01
7977,-0.01
7978,-0.01
7979,-0.01
7980,-0.01
7981,-0.01
7982,-0.01
7983,-0.01
7984,-0.01
7985,-0.01
7986,-207.01
7987,-409.43
7988,-590.90
7989,-736.28
7990,-833.05
7991,-872.44
7992,-850.25
7993,-767.22
7994,-629.02
7995,-445.65
7996,-230.68
7997,-0.01
7998,-0.01
7999,-0.01
8000,-0.01
8001,-0.01
8002,-0.01
8003,-0.01
8004,-0.01
8005,-0.01
8006,-0.01
8007,-0.01
8008,-0.01
8009,-0.01
8010,-209.80
8011,-403.50
8012,-568.92
8013,-695.76
8014,-776.18
8015,-805.10
8016,-780.49
8017,-703.51
8018,-578.43
8019,-412.50
8020,-215.65
8021,-0.01
8022,-0.01
8023,-0.01
8024,-0.01
8025,-0.01
8026,-0.01
8027,-0.01
8028,-0.01
8029,-0.01
8030,-0.01
8031,-0.01
8032,-0.01
8033,-0.01
8034,-254.16
8035,-493.24
8036,-699.31
8037,-856.75
8038,-953.64
8039,-982.80
8040,-942.49
8041,-836.58
8042,-674.24
8043,-469.14
8044,-238.18
8045,-0.01
8046,-0.01
8047,-0.01
8048,-0.01
8049,-0.01
8050,-0.01
8051,-0.01
8052,-0.01
8053,-0.01
8054,-0.01
8055,-0.01
8056,-0.01
8057,-0.01
8058,-113.98
8059,-199.13
8060,-252.15
8061,-273.34
8062,-266.26
8063,-236.94
8064,-192.95
8065,-142.31
8066,-92.55
8067,-49.82
8068,-18.31
8069,-0.01
8070,-0.01
8071,-0.27
8072,-13.30
8073,-29.69
8074,-45.34
8075,-56.83
8076,-61.83
8077,-59.38
8078,-49.94
8079,-35.16
8080,-17.56
8081,-0.01
8082,-0.01
8083,-0.01
8084,-0.01
8085,-0.01
8086,-0.01
8087,-0.01
8088,-4.74
8089,-14.63
8090,-20.28
8091,-20.01
8092,-13.13
8093,-0.01
8094,-0.01
8095,-0.01
8096,-0.01
8097,-0.01
8098,-0.01
8099,-0.01
8100,-0.01
8101,-0.01
8102,-0.01
8103,-0.01
8104,-0.01
8105,-0.01
8106,-15.33
8107,-24.66
8108,-27.30
8109,-23.66
8110,-15.14
8111,-3.94
8112,-0.01
8113,-0.01
8114,-0.01
8115,-0.01
8116,-0.01
8117,-0.01
8118,-15.10
8119,-30.56
8120,-43.60
8121,-51.73
8122,-53.26
8123,-47.73
8124,-36.10
8125,-20.75
8126,-5.25
8127,-0.01
8128,-0.01
8129,-0.01
8130,-23.38
8131,-61.19
8132,-111.22
8133,-168.78
8134,-226.99
8135,-277.37
8136,-310.80
8137,-318.63
8138,-293.83
8139,-232.16
8140,-133.02
8141,-0.01
8142,-0.01
8143,-0.01
8144,-0.01
8145,-0.01
8146,-0.01
8147,-0.01
8148,-0.01
8149,-0.01
8150,-0.01
8151,-0.01
8152,-0.01
8153,-0.01
8154,-288.94
8155,-571.09
8156,-823.63
8157,-1025.56
8158,-1159.54
8159,-1213.52
8160,-1181.83
8161,-1065.70
8162,-873.12
8163,-618.18
8164,-319.77
8165,-0.01
8166,-0.01
8167,-0.01
8168,-0.01
8169,-0.01
8170,-0.01
8171,-0.01
8172,-0.01
8173,-0.01
8174,-0.01
8175,-0.01
8176,-0.01
8177,-0.01
8178,-288.14
8179,-553.82
8180,-780.36
8181,-953.74
8182,-1063.30
8183,-1102.21
8184,-1067.86
8185,-961.93
8186,-790.40
8187,-563.31
8188,-294.31
8189,-0.01
8190,-0.01
8191,-0.01
8192,-0.01
8193,-0.01
8194,-0.01
8195,-0.01
8196,-0.01
8197,-0.01
8198,-0.01
8199,-0.01
8200,-0.01
8201,-0.01
8202,-343.95
8203,-667.10
8204,-945.25
8205,-1157.40
8206,-1287.54
8207,-1326.14
8208,-1271.02
8209,-1127.54
8210,-908.22
8211,-631.58
8212,-320.47
8213,-0.01
8214,-0.01
8215,-0.01
8216,-0.01
8217,-0.01
8218,-0.01
8219,-0.01
8220,-0.01
8221,-0.01
8222,-0.01
8223,-0.01
8224,-0.01
8225,-0.01
8226,-152.17
8227,-265.72
8228,-336.28
8229,-364.35
8230,-354.72
8231,-315.50
8232,-256.78
8233,-189.29
8234,-123.04
8235,-66.19
8236,-24.31
8237,-0.01
8238,-0.01
8239,-0.35
8240,-17.62
8241,-39.32
8242,-60.03
8243,-75.20
8244,-81.77
8245,-78.49
8246,-65.98
8247,-46.43
8248,-23.17
8249,-0.01
8250,-0.01
8251,-0.01
8252,-0.01
8253,-0.01
8254,-0.01
8255,-0.01
8256,-6.23
8257,-19.22
8258,-26.63
8259,-26.27
8260,-17.23
8261,-0.01
8262,-0.01
8263,-0.01
8264,-0.01
8265,-0.01
8266,-0.01
8267,-0.01
8268,-0.01
8269,-0.01
8270,-0.01
8271,-0.01
8272,-0.01
8273,-0.01
8274,-19.98
8275,-32.12
8276,-35.55
8277,-30.79
8278,-19.70
8279,-5.12
8280,-0.01
8281,-0.01
8282,-0.01
8283,-0.01
8284,-0.01
8285,-0.01
8286,-19.57
8287,-39.60
8288,-56.48
8289,-66.98
8290,-68.93
8291,-61.75
8292,-46.68
8293,-26.82
8294,-6.78
8295,-0.01
8296,-0.01
8297,-0.01
8298,-30.15
8299,-78.88
8300,-143.33
8301,-217.42
8302,-292.27
8303,-356.99
8304,-399.85
8305,-409.75
8306,-377.71
8307,-298.31
8308,-170.85
8309,-0.01
8310,-0.01
8311,-0.01
8312,-0.01
8313,-0.01
8314,-0.01
8315,-0.01
8316,-0.01
8317,-0.01
8318,-0.01
8319,-0.01
8320,-0.01
8321,-0.01
8322,-369.02
8323,-729.06
8324,-1051.05
8325,-1308.22
8326,-1478.55
8327,-1546.78
8328,-1505.80
8329,-1357.30
8330,-1111.60
8331,-786.71
8332,-406.79
8333,-0.01
8334,-0.01
8335,-0.01
8336,-0.01
8337,-0.01
8338,-0.01
8339,-0.01
8340,-0.01
8341,-0.01
8342,-0.01
8343,-0.01
8344,-0.01
8345,-0.01
8346,-364.62
8347,-700.56
8348,-986.76
8349,-1205.57
8350,-1343.56
8351,-1392.22
8352,-1348.34
8353,-1214.14
8354,-997.28
8355,-710.49
8356,-371.07
8357,-0.01
8358,-0.01
8359,-0.01
8360,-0.01
8361,-0.01
8362,-0.01
8363,-0.01
8364,-0.01
8365,-0.01
8366,-0.01
8367,-0.01
8368,-0.01
8369,-0.01
8370,-431.52
8371,-836.66
8372,-1185.11
8373,-1450.58
8374,-1613.14
8375,-1660.94
8376,-1591.35
8377,-1411.23
8378,-1136.35
8379,-789.95
8380,-400.70
8381,-0.01
8382,-0.01
8383,-0.01
8384,-0.01
8385,-0.01
8386,-0.01
8387,-0.01
8388,-0.01
8389,-0.01
8390,-0.01
8391,-0.01
8392,-0.01
8393,-0.01
8394,-189.38
8395,-330.60
8396,-418.25
8397,-453.01
8398,-440.90
8399,-392.02
8400,-318.96
8401,-235.05
8402,-152.73
8403,-82.14
8404,-30.16
8405,-0.01
8406,-0.01
8407,-0.43
8408,-21.83
8409,-48.70
8410,-74.33
8411,-93.08
8412,-101.19
8413,-97.10
8414,-81.59
8415,-57.40
8416,-28.64
8417,-0.01
8418,-0.01
8419,-0.01
8420,-0.01
8421,-0.01
8422,-0.01
8423,-0.01
8424,-7.67
8425,-23.69
8426,-32.81
8427,-32.36
8428,-21.21
8429,-0.01
8430,-0.01
8431,-0.01
8432,-0.01
8433,-0.01
8434,-0.01
8435,-0.01
8436,-0.01
8437,-0.01
8438,-0.01
8439,-0.01
8440,-0.01
8441,-0.01
8442,-24.50
8443,-39.38
8444,-43.57
8445,-37.73
8446,-24.13
8447,-6.27
8448,-0.01
8449,-0.01
8450,-0.01
8451,-0.01
8452,-0.01
8453,-0.01
8454,-23.92
8455,-48.39
8456,-68.99
8457,-81.79
8458,-84.16
8459,-75.37
8460,-56.96
8461,-32.71
8462,-8.26
8463,-0.01
8464,-0.01
8465,-0.01
8466,-36.73
8467,-96.07
8468,-174.51
8469,-264.65
8470,-355.67
8471,-434.31
8472,-486.33
8473,-498.23
8474,-459.15
8475,-362.53
8476,-207.57
8477,-0.01
8478,-0.01
8479,-0.01
8480,-0.01
8481,-0.01
8482,-0.01
8483,-0.01
8484,-0.01
8485,-0.01
8486,-0.01
8487,-0.01
8488,-0.01
8489,-0.01
8490,-446.71
8491,-882.33
8492,-1271.70
8493,-1582.45
8494,-1788.02
8495,-1870.06
8496,-1820.05
8497,-1640.15
8498,-1342.91
8499,-950.18
8500,-491.19
8501,-0.01
8502,-0.01
8503,-0.01
8504,-0.01
8505,-0.01
8506,-0.01
8507,-0.01
8508,-0.01
8509,-0.01
8510,-0.01
8511,-0.01
8512,-0.01
8513,-0.01
8514,-438.75
8515,-842.78
8516,-1186.81
8517,-1449.62
8518,-1615.15
8519,-1673.25
8520,-1620.12
8521,-1458.52
8522,-1197.72
8523,-853.09
8524,-445.44
8525,-0.01
8526,-0.01
8527,-0.01
8528,-0.01
8529,-0.01
8530,-0.01
8531,-0.01
8532,-0.01
8533,-0.01
8534,-0.01
8535,-0.01
8536,-0.01
8537,-0.01
8538,-516.31
8539,-1000.83
8540,-1417.31
8541,-1734.41
8542,-1928.33
8543,-1985.01
8544,-1901.41
8545,-1685.82
8546,-1357.14
8547,-943.23
8548,-478.34
8549,-0.01
8550,-0.01
8551,-0.01
8552,-0.01
8553,-0.01
8554,-0.01
8555,-0.01
8556,-0.01
8557,-0.01
8558,-0.01
8559,-0.01
8560,-0.01
8561,-0.01
8562,-225.37
8563,-393.34
8564,-497.52
8565,-538.75
8566,-524.24
8567,-466.01
8568,-379.08
8569,-279.30
8570,-181.44
8571,-97.56
8572,-35.81
8573,-0.01
8574,-0.01
8575,-0.51
8576,-25.90
8577,-57.76
8578,-88.14
8579,-110.37
8580,-119.95
8581,-115.08
8582,-96.68
8583,-68.00
8584,-33.92
8585,-0.01
8586,-0.01
8587,-0.01
8588,-0.01
8589,-0.01
8590,-0.01
8591,-0.01
8592,-9.07
8593,-28.00
8594,-38.78
8595,-38.24
8596,-25.06
8597,-0.01
8598,-0.01
8599,-0.01
8600,-0.01
8601,-0.01
8602,-0.01
8603,-0.01
8604,-0.01
8605,-0.01
8606,-0.01
8607,-0.01
8608,-0.01
8609,-0.01
8610,-28.86
8611,-46.39
8612,-51.31
8613,-44.43
8614,-28.41
8615,-7.38
8616,-0.01
8617,-0.01
8618,-0.01
8619,-0.01
8620,-0.01
8621,-0.01
8622,-28.11
8623,-56.86
8624,-81.06
8625,-96.08
8626,-98.84
8627,-88.50
8628,-66.87
8629,-38.40
8630,-9.70
8631,-0.01
8632,-0.01
8633,-0.01
8634,-43.07
8635,-112.64
8636,-204.57
8637,-310.18
8638,-416.77
8639,-508.83
8640,-569.67
8641,-583.50
8642,-537.62
8643,-424.41
8644,-242.96
8645,-0.01
8646,-0.01
8647,-0.01
8648,-0.01
8649,-0.01
8650,-0.01
8651,-0.01
8652,-0.01
8653,-0.01
8654,-0.01
8655,-0.01
8656,-0.01
8657,-0.01
8658,-521.52
8659,-1029.92
8660,-1484.14
8661,-1846.47
8662,-2085.96
8663,-2181.27
8664,-2122.57
8665,-1912.42
8666,-1565.55
8667,-1107.51
8668,-572.41
8669,-0.01
8670,-0.01
8671,-0.01
8672,-0.01
8673,-0.01
8674,-0.01
8675,-0.01
8676,-0.01
8677,-0.01
8678,-0.01
8679,-0.01
8680,-0.01
8681,-0.01
8682,-510.05
8683,-979.57
8684,-1379.19
8685,-1684.32
8686,-1876.33
8687,-1943.49
8688,-1881.45
8689,-1693.50
8690,-1390.44
8691,-990.19
8692,-516.93
8693,-0.01
8694,-0.01
8695,-0.01
8696,-0.01
8697,-0.01
8698,-0.01
8699,-0.01
8700,-0.01
8701,-0.01
8702,-0.01
8703,-0.01
8704,-0.01
8705,-0.01
8706,-597.77
8707,-1158.53
8708,-1640.38
8709,-2007.05
8710,-2231.09
8711,-2296.29
8712,-2199.22
8713,-1949.53
8714,-1569.18
8715,-1090.42
8716,-552.89
8717,-0.01
8718,-0.01
8719,-0.01
8720,-0.01
8721,-0.01
8722,-0.01
8723,-0.01
8724,-0.01
8725,-0.01
8726,-0.01
8727,-0.01
8728,-0.01
8729,-0.01
8730,-259.91
8731,-453.54
8732,-573.58
8733,-621.02
8734,-604.19
8735,-537.00
8736,-436.75
8737,-321.74
8738,-208.98
8739,-112.34
8740,-41.24
8741,-0.01
8742,-0.01
8743,-0.59
8744,-29.80
8745,-66.46
8746,-101.39
8747,-126.94
8748,-137.94
8749,-132.32
8750,-111.14
8751,-78.16
8752,-38.98
8753,-0.01
8754,-0.01
8755,-0.01
8756,-0.01
8757,-0.01
8758,-0.01
8759,-0.01
8760,-10.41
